timestamp,project_name,run_id,experiment_id,duration,emissions,emissions_rate,cpu_power,gpu_power,ram_power,cpu_energy,gpu_energy,ram_energy,energy_consumed,country_name,country_iso_code,region,cloud_provider,cloud_region,os,python_version,codecarbon_version,cpu_count,cpu_model,gpu_count,gpu_model,longitude,latitude,ram_total_size,tracking_mode,on_cloud,pue
2025-05-20T08:43:51,codecarbon,c2b09ef6-17d1-4905-98bb-96446902b9fc,385343b7-4004-45a5-85f5-13c34a494fbd,13.022883140999966,7.837848306953647e-06,6.018520032847208e-07,10.125,2.6846980228833104,10.0,3.521062994062476e-05,9.70945221199994e-06,3.477496306388856e-05,7.969504521651326e-05,Brazil,BRA,minas gerais,,,Linux-6.11.0-26-generic-x86_64-with-glibc2.39,3.11.8,3.0.1,8,Intel(R) Core(TM) i5-9300H CPU @ 2.40GHz,1,1 x NVIDIA GeForce GTX 1650,-45.0436,-21.267,7.593624114990234,machine,N,1.0
2025-05-20T08:44:08,codecarbon,a999ca3c-e8e5-4ed9-84ad-f8c0141c206f,385343b7-4004-45a5-85f5-13c34a494fbd,12.818518750000068,8.810881515417482e-06,6.873556677847381e-07,13.21125,2.8664284065436627,10.0,4.5185685517239845e-05,1.0203063717999922e-05,3.420007326666653e-05,8.95888225019063e-05,Brazil,BRA,minas gerais,,,Linux-6.11.0-26-generic-x86_64-with-glibc2.39,3.11.8,3.0.1,8,Intel(R) Core(TM) i5-9300H CPU @ 2.40GHz,1,1 x NVIDIA GeForce GTX 1650,-45.0436,-21.267,7.593624114990234,machine,N,1.0
2025-05-20T08:44:25,codecarbon,a097dc81-2b3a-4501-bfcd-6d51e98cdfb8,385343b7-4004-45a5-85f5-13c34a494fbd,12.69472084300014,6.641118710537497e-06,5.231401928935999e-07,6.91875,2.9081052440548394,10.0,2.34240403152188e-05,1.0250563756000058e-05,3.385212459166698e-05,6.752672866288584e-05,Brazil,BRA,minas gerais,,,Linux-6.11.0-26-generic-x86_64-with-glibc2.39,3.11.8,3.0.1,8,Intel(R) Core(TM) i5-9300H CPU @ 2.40GHz,1,1 x NVIDIA GeForce GTX 1650,-45.0436,-21.267,7.593624114990234,machine,N,1.0
2025-05-20T08:44:42,codecarbon,712ea6b8-ab7e-4f6f-9b1e-9858727d11fc,385343b7-4004-45a5-85f5-13c34a494fbd,12.40053107000017,5.905095229206529e-06,4.7619696252302906e-07,5.115,2.932505854829284,10.0,1.6901799777408433e-05,1.0098341412000068e-05,3.304271915555559e-05,6.0042860344964086e-05,Brazil,BRA,minas gerais,,,Linux-6.11.0-26-generic-x86_64-with-glibc2.39,3.11.8,3.0.1,8,Intel(R) Core(TM) i5-9300H CPU @ 2.40GHz,1,1 x NVIDIA GeForce GTX 1650,-45.0436,-21.267,7.593624114990234,machine,N,1.0
2025-05-20T08:44:59,codecarbon,5ebabca5-0c74-4017-a23b-77a0fec79cca,385343b7-4004-45a5-85f5-13c34a494fbd,12.80973211499986,6.413796735879501e-06,5.00697179168104e-07,6.22125,2.745958046500512,10.0,2.126587918019665e-05,9.768341147999885e-06,3.418110419166662e-05,6.521532451986315e-05,Brazil,BRA,minas gerais,,,Linux-6.11.0-26-generic-x86_64-with-glibc2.39,3.11.8,3.0.1,8,Intel(R) Core(TM) i5-9300H CPU @ 2.40GHz,1,1 x NVIDIA GeForce GTX 1650,-45.0436,-21.267,7.593624114990234,machine,N,1.0
2025-05-20T08:45:16,codecarbon,2673383a-7b1a-4983-8cc8-9269425ba9b2,385343b7-4004-45a5-85f5-13c34a494fbd,12.724435660999916,7.325357378546319e-06,5.75692122912638e-07,8.936250000000001,2.890053186995436,10.0,3.033156882402586e-05,1.021195261400004e-05,3.3940528858333134e-05,7.448405029635904e-05,Brazil,BRA,minas gerais,,,Linux-6.11.0-26-generic-x86_64-with-glibc2.39,3.11.8,3.0.1,8,Intel(R) Core(TM) i5-9300H CPU @ 2.40GHz,1,1 x NVIDIA GeForce GTX 1650,-45.0436,-21.267,7.593624114990234,machine,N,1.0
2025-05-20T08:45:34,codecarbon,e3fe428f-3667-4379-9a5d-78793a3bc992,385343b7-4004-45a5-85f5-13c34a494fbd,12.751863859999958,7.1473943166662106e-06,5.604980099486597e-07,8.33625,2.907609873480214,10.0,2.8359553576940727e-05,1.0296397125999753e-05,3.401857563888863e-05,7.267452634182912e-05,Brazil,BRA,minas gerais,,,Linux-6.11.0-26-generic-x86_64-with-glibc2.39,3.11.8,3.0.1,8,Intel(R) Core(TM) i5-9300H CPU @ 2.40GHz,1,1 x NVIDIA GeForce GTX 1650,-45.0436,-21.267,7.593624114990234,machine,N,1.0
2025-05-20T08:45:51,codecarbon,65e50bcb-3170-44ae-b793-0c3f4fb1b68a,385343b7-4004-45a5-85f5-13c34a494fbd,12.522285736999947,6.639816535110686e-06,5.302399797100807e-07,7.1887500000000015,2.914900655560095,10.0,2.39976237752156e-05,1.0136119219999974e-05,3.337974518055502e-05,6.751348817577059e-05,Brazil,BRA,minas gerais,,,Linux-6.11.0-26-generic-x86_64-with-glibc2.39,3.11.8,3.0.1,8,Intel(R) Core(TM) i5-9300H CPU @ 2.40GHz,1,1 x NVIDIA GeForce GTX 1650,-45.0436,-21.267,7.593624114990234,machine,N,1.0
2025-05-20T08:46:08,codecarbon,b59e50b1-bc57-4122-83bf-2239693e4a8e,385343b7-4004-45a5-85f5-13c34a494fbd,12.846036541000103,7.270501315821641e-06,5.65972336495908e-07,8.41125,3.03119787906502,10.0,2.8834180735377004e-05,1.0813341983999854e-05,3.4278752505555426e-05,7.392627522493229e-05,Brazil,BRA,minas gerais,,,Linux-6.11.0-26-generic-x86_64-with-glibc2.39,3.11.8,3.0.1,8,Intel(R) Core(TM) i5-9300H CPU @ 2.40GHz,1,1 x NVIDIA GeForce GTX 1650,-45.0436,-21.267,7.593624114990234,machine,N,1.0
2025-05-20T08:46:25,codecarbon,ef8a87bc-2f96-4b33-8434-9612a1132f39,385343b7-4004-45a5-85f5-13c34a494fbd,12.47158989400009,6.389668051009304e-06,5.123378899817164e-07,6.4575000000000005,2.963763417079987,10.0,2.146559015873149e-05,1.0264730434000025e-05,3.32396640638889e-05,6.496998465662041e-05,Brazil,BRA,minas gerais,,,Linux-6.11.0-26-generic-x86_64-with-glibc2.39,3.11.8,3.0.1,8,Intel(R) Core(TM) i5-9300H CPU @ 2.40GHz,1,1 x NVIDIA GeForce GTX 1650,-45.0436,-21.267,7.593624114990234,machine,N,1.0
2025-05-21T20:08:58,codecarbon,8908367a-4d25-4cda-9aa7-f9a0c41f9cd4,385343b7-4004-45a5-85f5-13c34a494fbd,12.527173411999913,5.757383159028408e-06,4.595915590593925e-07,4.680000000000001,2.736613077587658,10.0,1.5628366522600007e-05,9.519729837999863e-06,3.339283135555509e-05,5.854092771615496e-05,Brazil,BRA,minas gerais,,,Linux-6.11.0-26-generic-x86_64-with-glibc2.39,3.11.8,3.0.1,8,Intel(R) Core(TM) i5-9300H CPU @ 2.40GHz,1,1 x NVIDIA GeForce GTX 1650,-45.0436,-21.267,7.593620300292969,machine,N,1.0
2025-05-21T20:09:15,codecarbon,60938235-7fec-477b-8624-f3900767ce15,385343b7-4004-45a5-85f5-13c34a494fbd,12.536143017000086,5.8154363346341525e-06,4.638935856704827e-07,5.058750000000001,2.5307085038408967,10.0,1.6905624289589477e-05,8.809729269999888e-06,3.3415857391666905e-05,5.9131210951256273e-05,Brazil,BRA,minas gerais,,,Linux-6.11.0-26-generic-x86_64-with-glibc2.39,3.11.8,3.0.1,8,Intel(R) Core(TM) i5-9300H CPU @ 2.40GHz,1,1 x NVIDIA GeForce GTX 1650,-45.0436,-21.267,7.593620300292969,machine,N,1.0
2025-05-21T20:09:32,codecarbon,cb546b7d-191d-4804-b80a-f384c5b9206e,385343b7-4004-45a5-85f5-13c34a494fbd,12.599744701999953,6.115879370905469e-06,4.853970866516603e-07,5.6925,2.705657052643949,10.0,1.9124650793462525e-05,9.46667424000006e-06,3.359478318333357e-05,6.218610821679616e-05,Brazil,BRA,minas gerais,,,Linux-6.11.0-26-generic-x86_64-with-glibc2.39,3.11.8,3.0.1,8,Intel(R) Core(TM) i5-9300H CPU @ 2.40GHz,1,1 x NVIDIA GeForce GTX 1650,-45.0436,-21.267,7.593620300292969,machine,N,1.0
2025-05-21T20:09:49,codecarbon,5843d949-63f3-4e66-b324-a69b0550e257,385343b7-4004-45a5-85f5-13c34a494fbd,12.5239208590001,5.848379853113073e-06,4.669767494506513e-07,4.9275,2.7682179650210474,10.0,1.645200550867516e-05,9.627507701999915e-06,3.3386666611111575e-05,5.946617982178665e-05,Brazil,BRA,minas gerais,,,Linux-6.11.0-26-generic-x86_64-with-glibc2.39,3.11.8,3.0.1,8,Intel(R) Core(TM) i5-9300H CPU @ 2.40GHz,1,1 x NVIDIA GeForce GTX 1650,-45.0436,-21.267,7.593620300292969,machine,N,1.0
2025-05-21T20:10:06,codecarbon,c50de640-4945-4e54-a51d-db0a1376617c,385343b7-4004-45a5-85f5-13c34a494fbd,12.499053718999903,5.792231339284799e-06,4.634135887007179e-07,4.71,2.849051735893119,10.0,1.569190322347485e-05,9.888619022000325e-06,3.3314740894444286e-05,5.889526313991946e-05,Brazil,BRA,minas gerais,,,Linux-6.11.0-26-generic-x86_64-with-glibc2.39,3.11.8,3.0.1,8,Intel(R) Core(TM) i5-9300H CPU @ 2.40GHz,1,1 x NVIDIA GeForce GTX 1650,-45.0436,-21.267,7.593620300292969,machine,N,1.0
2025-05-21T20:10:23,codecarbon,69ad5daa-e5be-4084-9c82-8bfc3b3a1084,385343b7-4004-45a5-85f5-13c34a494fbd,12.443680524,5.848377201162664e-06,4.699877331214794e-07,5.148750000000001,2.6710003276377137,10.0,1.7074815806377303e-05,9.22972960599967e-06,3.316160744444435e-05,5.946615285682132e-05,Brazil,BRA,minas gerais,,,Linux-6.11.0-26-generic-x86_64-with-glibc2.39,3.11.8,3.0.1,8,Intel(R) Core(TM) i5-9300H CPU @ 2.40GHz,1,1 x NVIDIA GeForce GTX 1650,-45.0436,-21.267,7.593620300292969,machine,N,1.0
2025-05-21T20:10:40,codecarbon,0f0cb734-0b86-4b33-847b-9ffde22a8323,385343b7-4004-45a5-85f5-13c34a494fbd,12.484786822999922,5.891334563065222e-06,4.718810698643245e-07,5.388750000000001,2.5085879107387137,10.0,1.7931983517731014e-05,8.696951402000028e-06,3.327400731666646e-05,5.9902942236397504e-05,Brazil,BRA,minas gerais,,,Linux-6.11.0-26-generic-x86_64-with-glibc2.39,3.11.8,3.0.1,8,Intel(R) Core(TM) i5-9300H CPU @ 2.40GHz,1,1 x NVIDIA GeForce GTX 1650,-45.0436,-21.267,7.593620300292969,machine,N,1.0
2025-05-21T20:10:56,codecarbon,52b1d08a-6dff-4b7d-8e2e-407abd8578a7,385343b7-4004-45a5-85f5-13c34a494fbd,12.395756522000056,5.632198240090497e-06,4.543650264584046e-07,4.7250000000000005,2.5082722767306382,10.0,1.5606332686875037e-05,8.633895795999522e-06,3.3027822113888936e-05,5.7268050596763495e-05,Brazil,BRA,minas gerais,,,Linux-6.11.0-26-generic-x86_64-with-glibc2.39,3.11.8,3.0.1,8,Intel(R) Core(TM) i5-9300H CPU @ 2.40GHz,1,1 x NVIDIA GeForce GTX 1650,-45.0436,-21.267,7.593620300292969,machine,N,1.0
2025-05-21T20:11:14,codecarbon,aafbcb3f-36a9-4c05-80fe-a7a9ad2dbbfb,385343b7-4004-45a5-85f5-13c34a494fbd,12.53540335599996,5.982611339219093e-06,4.77257186650924e-07,5.497500000000001,2.599743727466421,10.0,1.8369403081491744e-05,9.048896128000146e-06,3.341274299999984e-05,6.0831042209491735e-05,Brazil,BRA,minas gerais,,,Linux-6.11.0-26-generic-x86_64-with-glibc2.39,3.11.8,3.0.1,8,Intel(R) Core(TM) i5-9300H CPU @ 2.40GHz,1,1 x NVIDIA GeForce GTX 1650,-45.0436,-21.267,7.593620300292969,machine,N,1.0
2025-05-21T20:11:31,codecarbon,1d0272f8-10dc-4805-8f40-94c964d85f1a,385343b7-4004-45a5-85f5-13c34a494fbd,12.49378806300001,5.722476591475314e-06,4.5802574548405074e-07,4.81125,2.555274401171461,10.0,1.6021956330709398e-05,8.865284869999813e-06,3.329875741111121e-05,5.818599861182042e-05,Brazil,BRA,minas gerais,,,Linux-6.11.0-26-generic-x86_64-with-glibc2.39,3.11.8,3.0.1,8,Intel(R) Core(TM) i5-9300H CPU @ 2.40GHz,1,1 x NVIDIA GeForce GTX 1650,-45.0436,-21.267,7.593620300292969,machine,N,1.0
2025-06-06T14:27:55,codecarbon,db607e02-9746-48bf-ab33-5539f9e904c3,385343b7-4004-45a5-85f5-13c34a494fbd,7.377137137998943,4.810078995925117e-06,6.520251563643639e-07,13.815,1.6816809571121776,10.0,2.6374707638600168e-05,3.444724978000067e-06,1.9089330102775016e-05,4.890876271937525e-05,Brazil,BRA,minas gerais,,,Linux-6.11.0-26-generic-x86_64-with-glibc2.39,3.11.8,3.0.1,8,Intel(R) Core(TM) i5-9300H CPU @ 2.40GHz,1,1 x NVIDIA GeForce GTX 1650,-45.0436,-21.267,7.593616485595703,machine,N,1.0
2025-06-06T14:33:52,codecarbon,810b0d30-7044-4c5b-a0c4-da74de0291ba,385343b7-4004-45a5-85f5-13c34a494fbd,10.4362369340015,1.4968066504319328e-07,1.4342398125854178e-08,10.584,2.132620285924277,10.0,2.91990842278802e-05,6.180560499999981e-06,2.7584973780555325e-05,6.29646185084355e-05,Canada,CAN,quebec,,,Linux-6.11.0-26-generic-x86_64-with-glibc2.39,3.11.8,3.0.1,8,Intel(R) Core(TM) i5-9300H CPU @ 2.40GHz,1,1 x NVIDIA GeForce GTX 1650,-71.2,46.8,7.593616485595703,machine,N,1.0
2025-06-06T14:45:09,codecarbon,73103ed3-01bf-4d94-80b2-7c8817697d46,385343b7-4004-45a5-85f5-13c34a494fbd,22.13518718900013,2.886355782913277e-07,1.3039671895558322e-08,7.77857142857143,2.5413344900039903,10.0,4.710150989801504e-05,1.565917919400025e-05,5.865665676110944e-05,0.0001214173458531,Canada,CAN,quebec,,,Linux-6.11.0-26-generic-x86_64-with-glibc2.39,3.11.8,3.0.1,8,Intel(R) Core(TM) i5-9300H CPU @ 2.40GHz,1,1 x NVIDIA GeForce GTX 1650,-71.2,46.8,7.593616485595703,machine,N,1.0
2025-06-06T14:48:41,codecarbon,7d5f5feb-685f-4de8-8c1c-369f368aa0bb,385343b7-4004-45a5-85f5-13c34a494fbd,9.976222736000636,6.708780388446711e-06,6.724770051732217e-07,13.175,2.623479515737544,10.0,3.465692883934599e-05,7.267228036000059e-06,2.629055403333243e-05,6.821471090867848e-05,Brazil,BRA,minas gerais,,,Linux-6.11.0-26-generic-x86_64-with-glibc2.39,3.11.8,3.0.1,8,Intel(R) Core(TM) i5-9300H CPU @ 2.40GHz,1,1 x NVIDIA GeForce GTX 1650,-45.0436,-21.267,7.593616485595703,machine,N,1.0
2025-06-06T14:51:56,codecarbon,a792030b-358b-4d4f-b6b6-114318b37958,385343b7-4004-45a5-85f5-13c34a494fbd,16.40285902300093,2.243688121523688e-05,1.3678640524663862e-06,13.185,2.589590222165078,10.0,0.0001288000038428,1.2045565192000214e-05,8.729207703055787e-05,0.0002281376460653,Brazil,BRA,minas gerais,,,Linux-6.11.0-26-generic-x86_64-with-glibc2.39,3.11.8,3.0.1,8,Intel(R) Core(TM) i5-9300H CPU @ 2.40GHz,1,1 x NVIDIA GeForce GTX 1650,-45.0436,-21.267,7.593616485595703,machine,N,1.0
2025-06-06T14:59:48,codecarbon,044ccc93-aade-4eb1-ac51-100d3a8de671,385343b7-4004-45a5-85f5-13c34a494fbd,2.744215852000707,1.402603407137292e-06,5.111126393773672e-07,10.327500000000002,2.1245449857075687,10.0,6.42523381998824e-06,1.617779071999819e-06,6.218623411112074e-06,1.4261636303100131e-05,Brazil,BRA,minas gerais,,,Linux-6.11.0-26-generic-x86_64-with-glibc2.39,3.11.8,3.0.1,8,Intel(R) Core(TM) i5-9300H CPU @ 2.40GHz,1,1 x NVIDIA GeForce GTX 1650,-45.0436,-21.267,7.593616485595703,machine,N,1.0
2025-06-06T15:05:59,codecarbon,752d667e-2999-4b83-a81a-3b43fdd412f4,385343b7-4004-45a5-85f5-13c34a494fbd,2.878737373999684,1.6526347707192625e-06,5.740832024642494e-07,13.365000000000002,1.7524638084073634,10.0,8.812922379523709e-06,1.399723342000031e-06,6.59130322221952e-06,1.680394894374326e-05,Brazil,BRA,minas gerais,,,Linux-6.11.0-26-generic-x86_64-with-glibc2.39,3.11.8,3.0.1,8,Intel(R) Core(TM) i5-9300H CPU @ 2.40GHz,1,1 x NVIDIA GeForce GTX 1650,-45.0436,-21.267,7.593616485595703,machine,N,1.0
2025-06-06T15:14:04,codecarbon,0bc51859-6760-402f-89a6-f2d5117b61f4,385343b7-4004-45a5-85f5-13c34a494fbd,11.980660449000425,7.514079132838587e-06,6.271840492287305e-07,11.904545454545454,1.9766856052767603,10.0,3.794977074890004e-05,6.57667192800011e-06,3.1876525688888556e-05,7.64029683657887e-05,Brazil,BRA,minas gerais,,,Linux-6.11.0-26-generic-x86_64-with-glibc2.39,3.11.8,3.0.1,8,Intel(R) Core(TM) i5-9300H CPU @ 2.40GHz,1,1 x NVIDIA GeForce GTX 1650,-45.0436,-21.267,7.593616485595703,machine,N,1.0
