Feature_1,Feature_2,Feature_3,Feature_4,Feature_5,Feature_6,Feature_7,Feature_8,Feature_9,Feature_10,Feature_11,Feature_12,Feature_13,Feature_14,Feature_15,Feature_16,Feature_17,Feature_18,Feature_19,Feature_20,Feature_21,Feature_22,Feature_23,Feature_24,Feature_25,Feature_26,Feature_27,Feature_28,Feature_29,Feature_30,Feature_31,Feature_32,Feature_33,Feature_34,Feature_35,Feature_36,Feature_37,Feature_38,Feature_39,Feature_40,Feature_41,Feature_42,Feature_43,Feature_44,Feature_45,Feature_46,Feature_47,Feature_48,Feature_49,Feature_50,Feature_51,Feature_52,Feature_53,Feature_54,Label
67.0,8.0,-1.0,-1.0,1500.0,-1.0,-1.0,17.0,1.0,27.0,-0.5,-1.0,-1.0,0.5,-1.0,-1.0,1.0,-1.0,-1.0,-1.0,1.0,1.0,1.0,1.0,1.0,1.0,1.0,-1.0,-1.0,-1.0,-1.0,1.0,1.0,-1.0,-1.0,1.0,1.0,1.0,-1.0,-1.0,-0.5,0.25,1.0,1.0,-1.0,-0.5,0.0,1.0,-1.0,-1.0,-0.5,-0.5,-1.0,-1.0,1
58.0,3.0,-1.0,1.0,700.0,-1.0,1.0,15.0,1.0,32.7,-0.5,-1.0,1.0,0.5,-1.0,-1.0,1.0,1.0,1.0,1.0,1.0,1.0,1.0,1.0,-1.0,-1.0,-1.0,-1.0,-1.0,-1.0,-1.0,1.0,1.0,1.0,1.0,1.0,1.0,1.0,-1.0,-1.0,-1.0,-0.75,1.0,1.0,1.0,0.5,-1.0,0.0,1.0,0.0,1.0,-0.5,-1.0,-1.0,1
62.0,0.0,-1.0,1.0,500.0,1.0,1.0,20.0,1.0,36.0,1.0,0.0,-1.0,1.0,1.0,-1.0,-1.0,-1.0,-1.0,-1.0,-1.0,-1.0,-1.0,-1.0,-1.0,-1.0,1.0,-1.0,-1.0,1.0,-1.0,1.0,1.0,1.0,-0.5,-1.0,1.0,-1.0,-1.0,-1.0,1.0,1.0,-1.0,0.0,1.0,-0.5,-1.0,1.0,-1.0,-1.0,-0.5,-0.5,1.0,-1.0,1
73.0,0.0,1.0,-1.0,800.0,-1.0,1.0,30.0,1.0,26.2,1.0,-1.0,1.0,1.0,1.0,1.0,1.0,1.0,1.0,1.0,1.0,1.0,1.0,1.0,-1.0,-1.0,1.0,1.0,1.0,1.0,-1.0,1.0,1.0,-1.0,1.0,1.0,-1.0,1.0,1.0,1.0,1.0,-0.75,-1.0,1.0,-1.0,-0.5,1.0,0.0,0.5,1.0,0.5,1.0,-1.0,-1.0,1
34.0,3.0,-1.0,-1.0,2000.0,-1.0,1.0,25.0,-1.0,19.1,-0.5,-1.0,-1.0,0.5,-1.0,-1.0,-1.0,-1.0,-1.0,-1.0,-1.0,1.0,-1.0,-1.0,-1.0,-1.0,-1.0,-1.0,-1.0,1.0,-1.0,1.0,-1.0,1.0,-1.0,-0.5,1.0,1.0,-1.0,-1.0,-0.5,-1.0,1.0,0.0,-1.0,-1.0,0.0,-1.0,-1.0,-1.0,1.0,-1.0,-1.0,-1.0,1
51.0,15.0,1.0,-1.0,1000.0,1.0,1.0,5.0,1.0,20.8,-0.5,-1.0,1.0,1.0,1.0,1.0,-1.0,-1.0,-1.0,-1.0,1.0,1.0,1.0,1.0,-1.0,-1.0,1.0,1.0,1.0,-1.0,-1.0,1.0,1.0,-1.0,1.0,0.5,1.0,1.0,1.0,1.0,1.0,0.25,-1.0,0.0,-1.0,-1.0,0.0,1.0,-1.0,-1.0,1.0,1.0,-1.0,-1.0,1
65.0,0.0,1.0,-1.0,800.0,-1.0,1.0,10.0,1.0,23.6,0.5,1.0,1.0,1.0,1.0,1.0,1.0,1.0,1.0,1.0,1.0,1.0,1.0,1.0,-1.0,-1.0,-1.0,-1.0,-1.0,-1.0,-1.0,-1.0,1.0,-1.0,1.0,0.5,-1.0,1.0,-1.0,1.0,1.0,1.0,1.0,1.0,-1.0,1.0,1.0,1.0,1.0,1.0,1.0,1.0,-1.0,-1.0,1
40.0,9.0,-1.0,-1.0,1500.0,-1.0,-1.0,3.0,1.0,18.2,-0.5,-1.0,-1.0,1.0,-1.0,-1.0,-1.0,-1.0,-1.0,1.0,1.0,1.0,1.0,1.0,-1.0,-1.0,-1.0,-1.0,-1.0,-1.0,-1.0,-1.0,-1.0,1.0,1.0,0.5,1.0,1.0,-1.0,-1.0,-1.0,-0.75,1.0,-1.0,1.0,-0.5,0.0,0.0,-1.0,0.0,1.0,-1.0,-1.0,-1.0,1
54.0,4.0,-1.0,1.0,800.0,-1.0,-1.0,10.0,1.0,26.4,1.0,-1.0,-1.0,-0.5,-1.0,-1.0,1.0,1.0,1.0,1.0,1.0,1.0,1.0,1.0,-1.0,-1.0,-1.0,-1.0,-1.0,-1.0,-1.0,1.0,1.0,1.0,-1.0,-1.0,1.0,1.0,-1.0,-1.0,1.0,-1.0,1.0,0.0,-1.0,1.0,-1.0,0.0,0.5,1.0,0.5,-1.0,1.0,-1.0,1
44.0,3.0,1.0,1.0,1800.0,-1.0,1.0,7.0,1.0,33.5,1.0,1.0,1.0,1.0,1.0,1.0,1.0,-1.0,-1.0,1.0,1.0,1.0,-1.0,-1.0,-1.0,-1.0,1.0,1.0,-1.0,-1.0,-1.0,-1.0,1.0,-1.0,1.0,1.0,-1.0,1.0,1.0,1.0,1.0,1.0,-1.0,-1.0,-1.0,-0.5,1.0,1.0,0.5,1.0,1.0,-1.0,-1.0,-1.0,1
65.0,8.0,-1.0,-1.0,800.0,-1.0,-1.0,13.0,1.0,18.0,-0.5,-1.0,-1.0,0.5,-1.0,-1.0,1.0,-1.0,-1.0,-1.0,1.0,1.0,1.0,1.0,1.0,1.0,1.0,-1.0,-1.0,-1.0,-1.0,1.0,1.0,-1.0,-1.0,1.0,1.0,1.0,-1.0,-1.0,-0.5,0.25,1.0,1.0,-1.0,-0.5,0.0,1.0,-1.0,-1.0,-0.5,-0.5,-1.0,-1.0,1
81.0,0.0,1.0,-1.0,700.0,1.0,1.0,25.0,1.0,21.4,-0.5,0.0,1.0,1.0,1.0,-1.0,1.0,-1.0,1.0,1.0,1.0,1.0,1.0,1.0,-1.0,-1.0,-1.0,-1.0,-1.0,-1.0,-1.0,-1.0,1.0,-1.0,1.0,1.0,-1.0,1.0,1.0,1.0,1.0,-1.0,-1.0,1.0,1.0,1.0,1.0,-1.0,-1.0,0.0,-0.5,-0.5,-1.0,-1.0,1
49.0,8.0,1.0,1.0,2000.0,1.0,1.0,10.0,1.0,27.8,-0.5,-1.0,1.0,1.0,1.0,1.0,-1.0,-1.0,-1.0,-1.0,1.0,1.0,1.0,1.0,-1.0,-1.0,1.0,1.0,1.0,-1.0,-1.0,1.0,1.0,-1.0,1.0,0.5,1.0,1.0,1.0,1.0,1.0,1.0,-1.0,0.0,-1.0,-1.0,0.0,1.0,-1.0,-1.0,1.0,1.0,-1.0,-1.0,1
69.0,3.0,-1.0,-1.0,700.0,-1.0,-1.0,20.0,1.0,26.9,1.0,-1.0,-1.0,1.0,-1.0,-1.0,1.0,-1.0,-1.0,-1.0,1.0,1.0,1.0,-1.0,-1.0,-1.0,1.0,-1.0,-1.0,-1.0,-1.0,1.0,1.0,-1.0,1.0,-1.0,1.0,1.0,-1.0,-1.0,-1.0,-1.0,1.0,1.0,-1.0,-0.5,0.0,1.0,-1.0,-1.0,-1.0,-0.5,-1.0,-1.0,1
44.0,11.0,1.0,1.0,1200.0,-1.0,-1.0,5.0,1.0,20.4,-0.5,-1.0,-1.0,1.0,-1.0,-1.0,-1.0,-1.0,-1.0,1.0,1.0,1.0,1.0,1.0,-1.0,-1.0,-1.0,-1.0,-1.0,-1.0,-1.0,-1.0,-1.0,1.0,1.0,0.5,-1.0,1.0,-1.0,-1.0,1.0,-0.75,-1.0,-1.0,1.0,-0.5,0.0,0.0,-1.0,0.0,1.0,-1.0,-1.0,-1.0,1
67.0,3.0,1.0,-1.0,700.0,-1.0,1.0,15.0,1.0,24.2,0.5,1.0,1.0,1.0,1.0,1.0,1.0,1.0,1.0,1.0,1.0,1.0,1.0,1.0,-1.0,-1.0,-1.0,-1.0,-1.0,-1.0,-1.0,-1.0,1.0,-1.0,1.0,0.5,-1.0,1.0,-1.0,1.0,1.0,1.0,1.0,1.0,-1.0,1.0,1.0,1.0,1.0,1.0,1.0,1.0,-1.0,-1.0,1
77.0,1.0,1.0,-1.0,900.0,-1.0,1.0,20.0,1.0,27.1,1.0,-1.0,1.0,1.0,1.0,1.0,1.0,1.0,1.0,1.0,1.0,1.0,1.0,1.0,-1.0,-1.0,1.0,1.0,1.0,1.0,-1.0,1.0,1.0,-1.0,1.0,1.0,-1.0,1.0,1.0,1.0,1.0,-0.75,-1.0,1.0,-1.0,-0.5,1.0,0.0,0.5,1.0,0.5,1.0,-1.0,-1.0,1
38.0,11.0,-1.0,-1.0,2000.0,-1.0,1.0,25.0,-1.0,22.3,-0.5,-1.0,-1.0,0.5,-1.0,-1.0,-1.0,-1.0,-1.0,-1.0,-1.0,1.0,-1.0,-1.0,-1.0,-1.0,-1.0,-1.0,-1.0,1.0,-1.0,1.0,-1.0,1.0,-1.0,-0.5,1.0,1.0,-1.0,-1.0,-0.5,-1.0,1.0,0.0,-1.0,-1.0,0.0,-1.0,-1.0,-1.0,1.0,-1.0,-1.0,-1.0,1
59.0,11.0,-1.0,1.0,1500.0,-1.0,1.0,10.0,1.0,28.69,-0.5,-1.0,-1.0,0.5,-1.0,1.0,1.0,1.0,-1.0,1.0,1.0,1.0,1.0,1.0,-1.0,-1.0,-1.0,-1.0,1.0,1.0,-1.0,-1.0,1.0,1.0,0.0,1.0,1.0,1.0,-1.0,-1.0,-1.0,0.25,1.0,-1.0,-1.0,0.5,0.0,0.0,1.0,-1.0,1.0,0.5,-1.0,-1.0,1
52.0,3.0,-1.0,-1.0,660.0,1.0,1.0,22.0,1.0,32.79,0.5,1.0,1.0,1.0,-1.0,-1.0,1.0,-1.0,-1.0,-1.0,-1.0,-1.0,1.0,1.0,-1.0,-1.0,1.0,-1.0,-1.0,-1.0,-1.0,-1.0,1.0,-1.0,1.0,0.5,-1.0,-1.0,-1.0,-1.0,1.0,-1.0,-1.0,1.0,1.0,0.5,1.0,-1.0,-1.0,0.0,-0.5,-1.0,-1.0,-1.0,1
77.0,0.0,-1.0,-1.0,660.0,1.0,1.0,15.0,1.0,25.44,1.0,-1.0,1.0,1.0,-1.0,-1.0,1.0,-1.0,-1.0,-1.0,-1.0,-1.0,-1.0,1.0,1.0,-1.0,1.0,-1.0,-1.0,-1.0,1.0,1.0,1.0,1.0,0.0,-1.0,-1.0,1.0,-1.0,-1.0,0.5,-1.0,-1.0,1.0,-1.0,0.5,-1.0,-1.0,1.0,0.0,1.0,1.0,-1.0,-1.0,1
53.0,11.0,-1.0,-1.0,2000.0,-1.0,-1.0,15.0,1.0,33.79,-1.0,-1.0,-1.0,1.0,-1.0,-1.0,1.0,-1.0,-1.0,-1.0,1.0,-1.0,1.0,1.0,-1.0,-1.0,1.0,-1.0,-1.0,-1.0,-1.0,-1.0,1.0,-1.0,-1.0,0.5,1.0,-1.0,-1.0,-1.0,-0.5,-0.75,1.0,0.0,-1.0,-0.5,-1.0,0.0,1.0,-1.0,-1.0,-0.5,-1.0,-1.0,1
55.0,5.0,1.0,1.0,900.0,1.0,1.0,13.0,1.0,23.31,1.0,-1.0,1.0,1.0,-1.0,-1.0,1.0,1.0,-1.0,1.0,-1.0,1.0,1.0,-1.0,-1.0,-1.0,1.0,-1.0,-1.0,1.0,-1.0,1.0,1.0,-1.0,1.0,1.0,-1.0,1.0,-1.0,1.0,1.0,1.0,-1.0,0.0,-1.0,-0.5,-1.0,-1.0,0.5,0.0,1.0,1.0,-1.0,-1.0,1
47.0,1.0,1.0,-1.0,800.0,-1.0,1.0,5.0,1.0,24.7,1.0,-1.0,1.0,1.0,1.0,1.0,1.0,1.0,1.0,1.0,1.0,1.0,1.0,1.0,-1.0,-1.0,1.0,1.0,1.0,1.0,-1.0,1.0,1.0,-1.0,1.0,1.0,-1.0,1.0,1.0,1.0,1.0,-0.75,-1.0,1.0,-1.0,-0.5,1.0,0.0,0.5,1.0,0.5,1.0,-1.0,-1.0,1
62.0,3.0,-1.0,-1.0,700.0,1.0,1.0,10.0,1.0,31.0,0.5,1.0,1.0,1.0,-1.0,-1.0,1.0,-1.0,-1.0,-1.0,-1.0,-1.0,1.0,1.0,-1.0,-1.0,1.0,-1.0,-1.0,-1.0,-1.0,-1.0,1.0,-1.0,1.0,0.5,-1.0,-1.0,-1.0,-1.0,1.0,-1.0,-1.0,1.0,1.0,0.5,1.0,-1.0,-1.0,0.0,-0.5,-1.0,-1.0,-1.0,1
75.0,5.0,1.0,1.0,900.0,1.0,1.0,11.0,1.0,22.4,1.0,-1.0,1.0,1.0,-1.0,-1.0,1.0,1.0,-1.0,1.0,-1.0,1.0,1.0,-1.0,-1.0,-1.0,1.0,-1.0,-1.0,1.0,-1.0,1.0,1.0,-1.0,1.0,1.0,-1.0,1.0,-1.0,1.0,1.0,1.0,-1.0,0.0,-1.0,-0.5,-1.0,-1.0,0.5,0.0,1.0,1.0,-1.0,-1.0,1
50.0,1.0,1.0,-1.0,1000.0,-1.0,1.0,7.0,1.0,33.9,1.0,-1.0,1.0,1.0,1.0,1.0,1.0,1.0,1.0,1.0,1.0,1.0,1.0,1.0,-1.0,-1.0,1.0,1.0,1.0,1.0,-1.0,1.0,1.0,-1.0,1.0,1.0,-1.0,1.0,1.0,1.0,1.0,-0.75,-1.0,1.0,-1.0,-0.5,1.0,0.0,0.5,1.0,0.5,1.0,-1.0,-1.0,1
44.0,3.0,-1.0,-1.0,1500.0,1.0,1.0,3.0,1.0,22.5,0.5,1.0,1.0,1.0,-1.0,-1.0,1.0,-1.0,-1.0,-1.0,-1.0,-1.0,1.0,1.0,-1.0,-1.0,1.0,-1.0,-1.0,-1.0,-1.0,-1.0,1.0,-1.0,1.0,0.5,-1.0,-1.0,-1.0,-1.0,1.0,-1.0,-1.0,1.0,1.0,0.5,1.0,-1.0,-1.0,0.0,-0.5,-1.0,-1.0,-1.0,1
66.0,4.0,1.0,1.0,2800.0,-1.0,1.0,5.0,1.0,37.52,-0.5,-1.0,-1.0,1.0,-1.0,1.0,1.0,1.0,-1.0,-1.0,-1.0,1.0,-1.0,1.0,-1.0,-1.0,-1.0,-1.0,1.0,-1.0,-1.0,-1.0,1.0,-1.0,-0.5,-1.0,1.0,1.0,-1.0,-1.0,-0.5,-1.0,-1.0,1.0,-1.0,-0.5,1.0,-1.0,1.0,0.0,-0.5,-0.5,1.0,-1.0,1
53.0,6.0,-1.0,1.0,1500.0,-1.0,1.0,13.0,1.0,37.59,1.0,-1.0,-1.0,0.5,-1.0,-1.0,1.0,-1.0,1.0,1.0,1.0,1.0,1.0,1.0,1.0,1.0,1.0,1.0,-1.0,-1.0,-1.0,1.0,1.0,1.0,-0.5,-1.0,-1.0,1.0,-1.0,-1.0,-0.5,-1.0,-1.0,1.0,-1.0,0.5,1.0,-1.0,-1.0,-1.0,1.0,-0.5,1.0,-1.0,1
64.0,5.0,1.0,-1.0,2000.0,1.0,1.0,20.0,1.0,22.48,1.0,-1.0,-1.0,-1.0,-1.0,-1.0,1.0,-1.0,-1.0,-1.0,1.0,-1.0,-1.0,1.0,-1.0,-1.0,-1.0,-1.0,-1.0,1.0,-1.0,-1.0,1.0,1.0,1.0,0.5,-1.0,-1.0,-1.0,1.0,1.0,0.75,1.0,0.0,-1.0,-0.5,1.0,0.0,-1.0,0.0,-0.5,-0.5,-1.0,-1.0,1
58.0,11.0,1.0,1.0,1000.0,-1.0,1.0,20.0,1.0,21.45,-0.5,1.0,1.0,1.0,-1.0,1.0,-1.0,-1.0,-1.0,1.0,1.0,-1.0,-1.0,-1.0,-1.0,-1.0,1.0,-1.0,-1.0,-1.0,-1.0,-1.0,1.0,-1.0,-1.0,0.5,-1.0,-1.0,-1.0,1.0,1.0,-0.75,1.0,1.0,1.0,-0.5,-1.0,-1.0,1.0,0.0,-0.5,1.0,1.0,-1.0,1
65.0,15.0,1.0,-1.0,4500.0,-1.0,-1.0,15.0,1.0,20.6,1.0,1.0,-1.0,1.0,-1.0,-1.0,-1.0,-1.0,-1.0,1.0,-1.0,1.0,-1.0,-1.0,-1.0,-1.0,-1.0,-1.0,-1.0,-1.0,-1.0,1.0,1.0,1.0,1.0,0.5,-1.0,-1.0,-1.0,1.0,1.0,-1.0,-1.0,-1.0,1.0,-0.5,1.0,-1.0,-1.0,0.0,-0.5,1.0,-1.0,-1.0,1
51.0,4.0,-1.0,1.0,2500.0,1.0,1.0,2.0,1.0,47.27,1.0,-1.0,-1.0,1.0,-1.0,-1.0,1.0,-1.0,1.0,1.0,1.0,1.0,1.0,1.0,1.0,1.0,-1.0,1.0,1.0,-1.0,-1.0,-1.0,1.0,-1.0,1.0,-1.0,-1.0,1.0,1.0,1.0,1.0,-1.0,1.0,1.0,1.0,-0.5,1.0,-1.0,-1.0,-1.0,-1.0,-0.5,1.0,-1.0,1
48.0,0.0,-1.0,1.0,1200.0,-1.0,1.0,20.0,1.0,41.61,-0.5,-1.0,1.0,1.0,-1.0,-1.0,1.0,-1.0,-1.0,-1.0,1.0,-1.0,-1.0,-1.0,-1.0,-1.0,1.0,1.0,-1.0,-1.0,1.0,1.0,-1.0,1.0,1.0,0.5,-1.0,-1.0,-1.0,1.0,1.0,-1.0,-1.0,1.0,1.0,-0.5,1.0,-1.0,-1.0,0.0,1.0,1.0,-1.0,-1.0,1
63.0,4.0,-1.0,-1.0,1400.0,1.0,-1.0,2.0,1.0,33.8,1.0,-1.0,1.0,0.5,-1.0,-1.0,-1.0,-1.0,1.0,-1.0,-1.0,-1.0,1.0,1.0,-1.0,1.0,1.0,1.0,-1.0,-1.0,-1.0,-1.0,1.0,-1.0,1.0,1.0,-1.0,1.0,-1.0,1.0,-0.5,-1.0,1.0,1.0,-1.0,0.5,1.0,-1.0,-1.0,0.0,-0.5,-1.0,-1.0,-1.0,1
51.0,4.0,-1.0,1.0,900.0,-1.0,1.0,15.0,1.0,35.65,1.0,-1.0,-1.0,0.5,-1.0,-1.0,1.0,-1.0,1.0,1.0,1.0,1.0,1.0,1.0,1.0,1.0,1.0,1.0,-1.0,-1.0,-1.0,1.0,1.0,1.0,-0.5,-1.0,-1.0,1.0,-1.0,-1.0,-0.5,-1.0,-1.0,1.0,-1.0,0.5,1.0,-1.0,-1.0,-1.0,1.0,-0.5,1.0,-1.0,1
62.0,6.0,1.0,1.0,1500.0,-1.0,1.0,10.0,1.0,32.9,-0.5,-1.0,-1.0,1.0,-1.0,1.0,1.0,1.0,-1.0,-1.0,-1.0,1.0,-1.0,1.0,-1.0,-1.0,-1.0,-1.0,1.0,-1.0,-1.0,-1.0,1.0,-1.0,-0.5,-1.0,1.0,1.0,-1.0,-1.0,-0.5,-1.0,-1.0,1.0,-1.0,-0.5,1.0,-1.0,1.0,0.0,-0.5,-0.5,1.0,-1.0,1
41.0,5.0,1.0,1.0,1000.0,1.0,1.0,30.0,-1.0,25.61,1.0,-1.0,-1.0,1.0,1.0,1.0,1.0,-1.0,1.0,1.0,1.0,1.0,1.0,1.0,-1.0,-1.0,1.0,1.0,1.0,-1.0,1.0,1.0,1.0,1.0,1.0,0.5,-1.0,1.0,1.0,1.0,1.0,0.75,1.0,0.0,-1.0,0.5,1.0,1.0,0.5,1.0,0.5,-0.5,1.0,-1.0,1
35.0,10.0,-1.0,1.0,800.0,-1.0,1.0,1.0,1.0,29.27,-0.5,1.0,1.0,1.0,-1.0,1.0,1.0,-1.0,-1.0,1.0,1.0,1.0,1.0,1.0,1.0,1.0,1.0,1.0,-1.0,1.0,-1.0,1.0,1.0,1.0,0.75,1.0,1.0,1.0,-1.0,1.0,0.5,0.25,1.0,1.0,1.0,1.0,-1.0,0.0,-1.0,1.0,-0.5,-0.5,1.0,-1.0,1
55.0,2.0,1.0,1.0,1000.0,-1.0,1.0,30.0,-1.0,27.43,-0.5,1.0,1.0,1.0,1.0,1.0,1.0,1.0,1.0,1.0,1.0,1.0,1.0,1.0,-1.0,1.0,1.0,1.0,-1.0,1.0,1.0,1.0,1.0,-1.0,1.0,1.0,-1.0,1.0,-1.0,1.0,1.0,1.0,-1.0,0.0,1.0,1.0,1.0,1.0,0.5,1.0,0.5,1.0,1.0,-1.0,1
44.0,15.0,-1.0,1.0,2000.0,-1.0,1.0,4.0,1.0,32.1,-0.5,-1.0,-1.0,0.5,-1.0,-1.0,-1.0,-1.0,-1.0,1.0,1.0,1.0,1.0,1.0,-1.0,-1.0,1.0,1.0,-1.0,-1.0,-1.0,1.0,1.0,1.0,0.0,-1.0,1.0,1.0,-1.0,1.0,-1.0,-0.75,1.0,0.0,1.0,0.5,1.0,1.0,-1.0,-1.0,1.0,-0.5,-1.0,-1.0,1
76.0,3.0,1.0,-1.0,800.0,-1.0,1.0,20.0,1.0,19.11,1.0,-1.0,1.0,1.0,-1.0,-1.0,1.0,1.0,-1.0,-1.0,1.0,1.0,1.0,-1.0,1.0,1.0,-1.0,-1.0,1.0,-1.0,1.0,-1.0,1.0,-1.0,1.0,0.5,-1.0,-1.0,-1.0,-1.0,1.0,1.0,1.0,-1.0,1.0,1.0,-1.0,-1.0,-1.0,0.0,1.0,-0.5,-1.0,-1.0,1
52.0,12.0,-1.0,-1.0,1000.0,1.0,1.0,14.0,1.0,23.78,1.0,-1.0,-1.0,-1.0,-1.0,1.0,-1.0,-1.0,-1.0,1.0,-1.0,1.0,1.0,1.0,-1.0,-1.0,-1.0,-1.0,-1.0,-1.0,-1.0,1.0,-1.0,1.0,-0.5,0.5,1.0,1.0,-1.0,-1.0,-0.5,-0.5,1.0,0.0,1.0,0.5,1.0,-1.0,-1.0,-1.0,-1.0,-1.0,-1.0,-1.0,1
40.0,11.0,1.0,1.0,900.0,1.0,1.0,2.0,1.0,22.22,-0.5,1.0,1.0,1.0,-1.0,1.0,-1.0,-1.0,-1.0,1.0,1.0,1.0,1.0,1.0,-1.0,1.0,1.0,1.0,-1.0,-1.0,-1.0,-1.0,-1.0,1.0,1.0,-0.5,-1.0,1.0,-1.0,1.0,1.0,-0.75,-1.0,-1.0,1.0,1.0,0.0,0.0,0.5,0.0,-0.5,1.0,-1.0,-1.0,1
74.0,1.0,1.0,-1.0,770.0,1.0,1.0,30.0,1.0,25.1,-0.5,1.0,-1.0,1.0,1.0,1.0,1.0,1.0,1.0,1.0,1.0,1.0,1.0,1.0,1.0,1.0,1.0,1.0,1.0,1.0,1.0,1.0,1.0,-1.0,1.0,0.5,-1.0,1.0,-1.0,1.0,1.0,1.0,-1.0,-1.0,1.0,1.0,1.0,1.0,0.5,1.0,0.5,1.0,1.0,1.0,1
55.0,4.0,-1.0,-1.0,700.0,-1.0,1.0,20.0,1.0,32.9,0.5,1.0,1.0,1.0,-1.0,-1.0,1.0,-1.0,1.0,-1.0,1.0,1.0,1.0,1.0,1.0,1.0,1.0,1.0,1.0,1.0,1.0,1.0,1.0,1.0,1.0,1.0,1.0,1.0,-1.0,1.0,1.0,1.0,-1.0,1.0,1.0,1.0,1.0,0.0,-1.0,1.0,1.0,-0.5,1.0,-1.0,1
65.0,7.0,-1.0,-1.0,780.0,-1.0,1.0,15.0,1.0,28.72,-0.5,-1.0,-1.0,0.5,-1.0,-1.0,-1.0,-1.0,-1.0,1.0,-1.0,1.0,1.0,-1.0,-1.0,1.0,1.0,1.0,-1.0,-1.0,-1.0,1.0,1.0,1.0,-0.5,0.5,1.0,-1.0,-1.0,-1.0,-0.5,-0.75,1.0,1.0,-1.0,-0.5,1.0,-1.0,-1.0,1.0,-0.5,-0.5,-1.0,-1.0,1
66.0,3.0,-1.0,-1.0,780.0,1.0,-1.0,10.0,1.0,33.8,0.5,-1.0,1.0,1.0,-1.0,-1.0,1.0,-1.0,-1.0,1.0,1.0,1.0,1.0,1.0,1.0,-1.0,1.0,-1.0,1.0,1.0,1.0,-1.0,1.0,1.0,1.0,-0.5,1.0,1.0,-1.0,1.0,-1.0,-0.75,1.0,0.0,1.0,-1.0,1.0,1.0,-1.0,1.0,1.0,-0.5,-1.0,-1.0,1
54.0,11.0,-1.0,-1.0,1300.0,1.0,1.0,9.0,1.0,22.9,1.0,-1.0,-1.0,-1.0,-1.0,1.0,-1.0,-1.0,-1.0,1.0,-1.0,1.0,1.0,1.0,-1.0,-1.0,-1.0,-1.0,-1.0,-1.0,-1.0,1.0,-1.0,1.0,-0.5,0.5,1.0,1.0,-1.0,-1.0,-0.5,-0.5,1.0,0.0,1.0,0.5,1.0,-1.0,-1.0,-1.0,-1.0,-1.0,-1.0,-1.0,1
67.0,4.0,1.0,1.0,800.0,-1.0,1.0,13.0,1.0,33.4,-0.5,-1.0,-1.0,1.0,-1.0,1.0,1.0,1.0,-1.0,-1.0,-1.0,1.0,-1.0,1.0,-1.0,-1.0,-1.0,-1.0,1.0,-1.0,-1.0,-1.0,1.0,-1.0,-0.5,-1.0,1.0,1.0,-1.0,-1.0,-0.5,-1.0,-1.0,1.0,-1.0,-0.5,1.0,-1.0,1.0,0.0,-0.5,-0.5,1.0,-1.0,1
58.0,4.0,-1.0,1.0,1000.0,-1.0,1.0,12.0,1.0,32.1,1.0,-1.0,-1.0,0.5,-1.0,-1.0,1.0,-1.0,1.0,1.0,1.0,1.0,1.0,1.0,1.0,1.0,1.0,1.0,-1.0,-1.0,-1.0,1.0,1.0,1.0,-0.5,-1.0,-1.0,1.0,-1.0,-1.0,-0.5,-1.0,-1.0,1.0,-1.0,0.5,1.0,-1.0,-1.0,-1.0,1.0,-0.5,1.0,-1.0,1
53.0,4.0,1.0,1.0,700.0,-1.0,1.0,10.0,-1.0,28.9,-0.5,1.0,1.0,1.0,1.0,1.0,1.0,1.0,1.0,1.0,1.0,1.0,1.0,1.0,-1.0,1.0,1.0,1.0,-1.0,1.0,1.0,1.0,1.0,-1.0,1.0,1.0,-1.0,1.0,-1.0,1.0,1.0,1.0,-1.0,0.0,1.0,1.0,1.0,1.0,0.5,1.0,0.5,1.0,1.0,-1.0,1
32.0,10.0,-1.0,-1.0,900.0,-1.0,1.0,2.0,1.0,28.69,-0.5,-1.0,-1.0,0.5,-1.0,1.0,1.0,-1.0,-1.0,1.0,1.0,1.0,1.0,-1.0,1.0,-1.0,1.0,1.0,-1.0,-1.0,-1.0,1.0,1.0,1.0,-0.5,0.5,1.0,1.0,-1.0,-1.0,0.5,0.25,1.0,0.0,1.0,0.5,1.0,1.0,-1.0,-1.0,0.5,-1.0,-1.0,-1.0,1
69.0,2.0,1.0,-1.0,800.0,-1.0,-1.0,11.0,1.0,23.67,1.0,-1.0,-1.0,1.0,-1.0,-1.0,1.0,-1.0,-1.0,-1.0,1.0,-1.0,-1.0,-1.0,1.0,-1.0,1.0,-1.0,-1.0,-1.0,-1.0,-1.0,1.0,-1.0,1.0,-0.5,1.0,-1.0,-1.0,1.0,-0.5,-1.0,-1.0,1.0,-1.0,1.0,1.0,-1.0,-1.0,-1.0,1.0,-1.0,-1.0,-1.0,1
71.0,4.0,-1.0,-1.0,500.0,-1.0,1.0,20.0,1.0,27.68,-0.5,-1.0,-1.0,0.5,-1.0,-1.0,1.0,1.0,1.0,1.0,1.0,1.0,1.0,1.0,1.0,-1.0,1.0,1.0,-1.0,-1.0,-1.0,1.0,1.0,-1.0,0.75,1.0,1.0,1.0,-1.0,-1.0,0.5,-0.75,1.0,0.0,-1.0,-0.5,1.0,1.0,-1.0,-1.0,-1.0,-1.0,-1.0,-1.0,1
47.0,11.0,1.0,1.0,1000.0,1.0,1.0,5.0,1.0,25.59,1.0,-1.0,-1.0,-1.0,-1.0,1.0,-1.0,-1.0,-1.0,1.0,-1.0,1.0,-1.0,-1.0,-1.0,-1.0,-1.0,-1.0,-1.0,-1.0,-1.0,-1.0,-1.0,1.0,1.0,1.0,-1.0,-1.0,-1.0,1.0,1.0,-0.75,-1.0,-1.0,1.0,-0.5,1.0,1.0,-1.0,0.0,-0.5,1.0,-1.0,-1.0,1
80.0,4.0,-1.0,-1.0,800.0,1.0,1.0,8.0,1.0,23.56,-0.5,-1.0,1.0,1.0,-1.0,-1.0,1.0,-1.0,-1.0,-1.0,-1.0,-1.0,-1.0,-1.0,-1.0,-1.0,1.0,-1.0,-1.0,-1.0,-1.0,-1.0,1.0,-1.0,0.0,-0.5,-1.0,-1.0,-1.0,-1.0,0.5,-1.0,-1.0,1.0,-1.0,-0.5,-1.0,0.0,1.0,-1.0,1.0,-1.0,-1.0,-1.0,1
67.0,11.0,1.0,-1.0,3200.0,-1.0,-1.0,14.0,1.0,32.63,1.0,-1.0,-1.0,1.0,-1.0,-1.0,1.0,1.0,-1.0,-1.0,-1.0,-1.0,1.0,1.0,-1.0,-1.0,-1.0,-1.0,1.0,-1.0,-1.0,1.0,1.0,-1.0,1.0,1.0,-1.0,-1.0,-1.0,1.0,0.5,-1.0,-1.0,1.0,1.0,-1.0,-1.0,-1.0,-0.5,0.0,-1.0,-0.5,-1.0,-1.0,1
84.0,0.0,-1.0,-1.0,700.0,-1.0,1.0,34.0,1.0,27.04,-0.5,-1.0,-1.0,1.0,-1.0,-1.0,1.0,-1.0,1.0,1.0,1.0,1.0,1.0,1.0,1.0,-1.0,1.0,1.0,1.0,1.0,1.0,1.0,1.0,-1.0,1.0,1.0,1.0,1.0,-1.0,-1.0,0.5,-0.75,1.0,0.0,-1.0,0.5,1.0,1.0,0.5,1.0,0.5,-0.5,-1.0,-1.0,1
41.0,4.0,1.0,1.0,900.0,-1.0,1.0,4.0,1.0,29.4,-0.5,1.0,1.0,1.0,1.0,1.0,1.0,-1.0,-1.0,1.0,1.0,1.0,1.0,1.0,1.0,-1.0,-1.0,1.0,-1.0,1.0,1.0,1.0,1.0,-1.0,1.0,1.0,-1.0,1.0,-1.0,1.0,1.0,0.75,1.0,0.0,1.0,0.5,1.0,1.0,0.5,1.0,0.5,1.0,-1.0,-1.0,1
68.0,4.0,-1.0,-1.0,780.0,1.0,-1.0,20.0,1.0,28.9,1.0,1.0,1.0,-0.5,-1.0,-1.0,1.0,-1.0,-1.0,-1.0,1.0,1.0,1.0,1.0,1.0,-1.0,1.0,-1.0,1.0,1.0,1.0,1.0,1.0,-1.0,1.0,0.5,-1.0,1.0,-1.0,-1.0,-0.5,-0.5,1.0,-1.0,-1.0,-1.0,-1.0,-1.0,-1.0,0.0,-1.0,-0.5,-1.0,-1.0,1
48.0,5.0,1.0,1.0,700.0,1.0,1.0,3.0,1.0,37.8,1.0,1.0,1.0,-0.5,-1.0,1.0,1.0,-1.0,-1.0,1.0,-1.0,-1.0,-1.0,-1.0,-1.0,-1.0,-1.0,-1.0,-1.0,-1.0,-1.0,-1.0,1.0,1.0,-0.5,-1.0,-1.0,1.0,-1.0,1.0,-0.5,-1.0,-1.0,-1.0,-1.0,-1.0,-1.0,-1.0,-1.0,0.0,1.0,-1.0,-1.0,-1.0,1
41.0,8.0,1.0,1.0,2000.0,1.0,1.0,1.0,1.0,30.8,-0.5,1.0,1.0,1.0,1.0,1.0,-1.0,-1.0,-1.0,1.0,1.0,1.0,1.0,1.0,-1.0,-1.0,1.0,1.0,-1.0,-1.0,-1.0,-1.0,-1.0,1.0,1.0,1.0,-1.0,1.0,-1.0,1.0,1.0,1.0,-1.0,0.0,1.0,1.0,1.0,0.0,0.5,1.0,1.0,-0.5,-1.0,-1.0,1
49.0,4.0,1.0,1.0,780.0,1.0,1.0,5.0,1.0,28.7,0.5,1.0,-1.0,1.0,-1.0,-1.0,1.0,1.0,-1.0,-1.0,1.0,1.0,-1.0,-1.0,-1.0,-1.0,1.0,-1.0,-1.0,-1.0,-1.0,1.0,1.0,1.0,-0.5,-1.0,-1.0,-1.0,-1.0,-1.0,1.0,-1.0,-1.0,1.0,-1.0,-1.0,-1.0,-1.0,-1.0,0.0,1.0,-0.5,-1.0,-1.0,1
33.0,15.0,1.0,1.0,7000.0,1.0,1.0,3.0,1.0,24.93,1.0,-1.0,-1.0,-0.5,1.0,1.0,1.0,-1.0,-1.0,-1.0,1.0,-1.0,1.0,1.0,1.0,1.0,1.0,1.0,1.0,1.0,1.0,1.0,-1.0,1.0,-1.0,0.5,-1.0,-1.0,1.0,1.0,-1.0,-1.0,-1.0,0.0,1.0,-0.5,1.0,-1.0,-1.0,0.0,-0.5,-0.5,1.0,-1.0,1
63.0,5.0,1.0,-1.0,1400.0,1.0,1.0,11.0,1.0,25.0,-0.5,1.0,1.0,1.0,1.0,-1.0,1.0,-1.0,1.0,-1.0,1.0,1.0,1.0,-1.0,1.0,1.0,-1.0,1.0,-1.0,-1.0,1.0,1.0,1.0,-1.0,-1.0,1.0,1.0,-1.0,-1.0,1.0,-0.5,1.0,-1.0,0.0,-1.0,0.5,-1.0,0.0,0.5,-1.0,-0.5,-0.5,-1.0,-1.0,1
60.0,5.0,-1.0,-1.0,620.0,1.0,1.0,43.0,-1.0,25.96,1.0,1.0,1.0,1.0,-1.0,-1.0,1.0,-1.0,-1.0,-1.0,1.0,1.0,-1.0,-1.0,-1.0,-1.0,-1.0,-1.0,1.0,-1.0,-1.0,-1.0,1.0,-1.0,-1.0,1.0,-1.0,1.0,-1.0,-1.0,1.0,-1.0,1.0,0.0,-1.0,0.5,1.0,-1.0,-1.0,0.0,1.0,-0.5,-1.0,-1.0,1
66.0,4.0,-1.0,-1.0,780.0,1.0,-1.0,18.0,1.0,27.9,1.0,1.0,1.0,-0.5,-1.0,-1.0,1.0,-1.0,-1.0,-1.0,1.0,1.0,1.0,1.0,1.0,-1.0,1.0,-1.0,1.0,1.0,1.0,1.0,1.0,-1.0,1.0,0.5,-1.0,1.0,-1.0,-1.0,-0.5,-0.5,1.0,-1.0,-1.0,-1.0,-1.0,-1.0,-1.0,0.0,-1.0,-0.5,-1.0,-1.0,1
50.0,7.0,1.0,1.0,800.0,1.0,1.0,5.0,1.0,27.8,0.5,1.0,-1.0,1.0,-1.0,-1.0,1.0,1.0,-1.0,-1.0,1.0,1.0,-1.0,-1.0,-1.0,-1.0,1.0,-1.0,-1.0,-1.0,-1.0,1.0,1.0,1.0,-0.5,-1.0,-1.0,-1.0,-1.0,-1.0,1.0,-1.0,-1.0,1.0,-1.0,-1.0,-1.0,-1.0,-1.0,0.0,1.0,-0.5,-1.0,-1.0,1
40.0,4.0,-1.0,1.0,500.0,1.0,1.0,2.0,1.0,20.08,0.5,-1.0,1.0,1.0,-1.0,-1.0,-1.0,-1.0,1.0,-1.0,-1.0,1.0,1.0,1.0,1.0,1.0,1.0,1.0,1.0,1.0,1.0,1.0,1.0,1.0,-0.5,0.5,1.0,1.0,-1.0,-1.0,-0.5,1.0,1.0,-1.0,-1.0,-1.0,1.0,-1.0,-1.0,0.0,-0.5,-0.5,-1.0,-1.0,1
52.0,7.0,1.0,1.0,2000.0,-1.0,1.0,2.0,1.0,30.86,-0.5,-1.0,1.0,1.0,-1.0,1.0,1.0,-1.0,1.0,-1.0,-1.0,-1.0,1.0,1.0,1.0,1.0,-1.0,1.0,-1.0,-1.0,1.0,1.0,1.0,1.0,1.0,-0.5,-1.0,-1.0,-1.0,1.0,1.0,-1.0,-1.0,1.0,1.0,-0.5,1.0,-1.0,-1.0,0.0,1.0,1.0,1.0,1.0,1
81.0,1.0,-1.0,-1.0,770.0,1.0,1.0,8.0,1.0,23.53,-0.5,-1.0,1.0,1.0,-1.0,1.0,1.0,-1.0,-1.0,-1.0,-1.0,-1.0,-1.0,1.0,-1.0,-1.0,1.0,-1.0,1.0,-1.0,-1.0,-1.0,1.0,-1.0,1.0,1.0,-1.0,1.0,-1.0,1.0,-0.5,-1.0,-1.0,1.0,-1.0,0.5,1.0,-1.0,1.0,0.0,-0.5,-0.5,1.0,1.0,1
72.0,0.0,-1.0,-1.0,770.0,1.0,1.0,4.0,1.0,19.44,-0.5,-1.0,1.0,1.0,-1.0,-1.0,-1.0,-1.0,-1.0,-1.0,1.0,-1.0,-1.0,-1.0,-1.0,-1.0,-1.0,-1.0,-1.0,-1.0,-1.0,-1.0,-1.0,-1.0,1.0,-1.0,-1.0,-1.0,-1.0,1.0,0.5,-1.0,-1.0,1.0,-1.0,0.5,1.0,-1.0,1.0,-1.0,1.0,1.0,-1.0,-1.0,1
71.0,3.0,-1.0,-1.0,2000.0,-1.0,1.0,30.0,1.0,35.38,0.5,-1.0,-1.0,1.0,-1.0,-1.0,1.0,-1.0,-1.0,-1.0,-1.0,-1.0,1.0,1.0,1.0,1.0,-1.0,-1.0,1.0,-1.0,1.0,1.0,-1.0,-1.0,-0.5,1.0,-1.0,-1.0,-1.0,-1.0,1.0,-1.0,1.0,1.0,-1.0,1.0,1.0,-1.0,-1.0,1.0,-1.0,-1.0,-1.0,-1.0,1
58.0,4.0,1.0,1.0,800.0,1.0,1.0,7.0,1.0,36.8,1.0,1.0,1.0,-0.5,-1.0,1.0,1.0,-1.0,-1.0,1.0,-1.0,-1.0,-1.0,-1.0,-1.0,-1.0,-1.0,-1.0,-1.0,-1.0,-1.0,-1.0,1.0,1.0,-0.5,-1.0,-1.0,1.0,-1.0,1.0,-0.5,-1.0,-1.0,-1.0,-1.0,-1.0,-1.0,-1.0,-1.0,0.0,1.0,-1.0,-1.0,-1.0,1
73.0,5.0,1.0,-1.0,1500.0,1.0,1.0,10.0,1.0,26.98,-0.5,1.0,1.0,1.0,1.0,-1.0,1.0,-1.0,1.0,-1.0,1.0,1.0,1.0,-1.0,1.0,1.0,-1.0,1.0,-1.0,-1.0,1.0,1.0,1.0,-1.0,-1.0,1.0,1.0,-1.0,-1.0,1.0,-0.5,1.0,-1.0,0.0,-1.0,0.5,-1.0,0.0,0.5,-1.0,-0.5,-0.5,-1.0,-1.0,1
50.0,8.0,-1.0,1.0,770.0,1.0,1.0,7.0,1.0,21.34,0.5,-1.0,1.0,1.0,-1.0,-1.0,-1.0,-1.0,1.0,-1.0,-1.0,1.0,1.0,1.0,1.0,1.0,1.0,1.0,1.0,1.0,1.0,1.0,1.0,1.0,-0.5,0.5,1.0,1.0,-1.0,-1.0,-0.5,1.0,1.0,-1.0,-1.0,-1.0,1.0,-1.0,-1.0,0.0,-0.5,-0.5,-1.0,-1.0,1
56.0,7.0,1.0,1.0,3500.0,-1.0,1.0,13.0,1.0,31.7,1.0,-1.0,1.0,-0.5,-1.0,-1.0,1.0,1.0,-1.0,-1.0,-1.0,1.0,1.0,-1.0,1.0,-1.0,-1.0,-1.0,-1.0,-1.0,1.0,1.0,1.0,1.0,-0.5,1.0,-1.0,-1.0,-1.0,-1.0,1.0,1.0,-1.0,-1.0,1.0,-0.5,-1.0,0.0,-1.0,-1.0,1.0,1.0,-1.0,-1.0,1
66.0,0.0,1.0,-1.0,770.0,1.0,1.0,12.0,1.0,27.61,1.0,1.0,-1.0,1.0,-1.0,1.0,1.0,-1.0,-1.0,-1.0,-1.0,1.0,-1.0,-1.0,-1.0,-1.0,-1.0,-1.0,-1.0,1.0,-1.0,-1.0,1.0,1.0,1.0,0.5,-1.0,-1.0,-1.0,-1.0,1.0,-1.0,-1.0,-1.0,-1.0,-0.5,-1.0,-1.0,0.5,0.0,1.0,1.0,-1.0,-1.0,1
81.0,0.0,1.0,-1.0,770.0,1.0,1.0,15.0,1.0,35.38,1.0,1.0,-1.0,1.0,-1.0,-1.0,1.0,-1.0,1.0,-1.0,-1.0,-1.0,-1.0,-1.0,-1.0,-1.0,-1.0,-1.0,-1.0,-1.0,1.0,1.0,1.0,1.0,1.0,-1.0,-1.0,1.0,1.0,1.0,-1.0,-1.0,-1.0,1.0,-1.0,1.0,0.0,-1.0,-1.0,-1.0,1.0,-1.0,-1.0,-1.0,1
53.0,8.0,1.0,1.0,1200.0,1.0,-1.0,10.0,1.0,35.83,-0.5,-1.0,1.0,1.0,1.0,-1.0,1.0,-1.0,-1.0,-1.0,1.0,1.0,-1.0,-1.0,-1.0,-1.0,1.0,-1.0,-1.0,-1.0,-1.0,-1.0,1.0,-1.0,1.0,1.0,1.0,-1.0,-1.0,1.0,1.0,-1.0,-1.0,1.0,1.0,-0.5,1.0,1.0,-1.0,0.0,1.0,1.0,-1.0,-1.0,1
46.0,2.0,-1.0,1.0,1800.0,1.0,1.0,10.0,1.0,28.31,-0.5,-1.0,1.0,1.0,-1.0,1.0,-1.0,-1.0,1.0,-1.0,1.0,1.0,1.0,1.0,1.0,-1.0,1.0,-1.0,1.0,-1.0,1.0,1.0,1.0,1.0,1.0,1.0,1.0,1.0,-1.0,1.0,1.0,-1.0,1.0,-1.0,-1.0,1.0,-1.0,1.0,1.0,0.0,-1.0,-0.5,-1.0,-1.0,1
66.0,1.0,-1.0,1.0,1000.0,1.0,1.0,16.0,1.0,21.5,-0.5,-1.0,1.0,1.0,-1.0,1.0,-1.0,-1.0,1.0,-1.0,1.0,1.0,1.0,1.0,1.0,-1.0,1.0,-1.0,1.0,-1.0,1.0,1.0,1.0,1.0,1.0,1.0,1.0,1.0,-1.0,1.0,1.0,-1.0,1.0,-1.0,-1.0,1.0,-1.0,1.0,1.0,0.0,-1.0,-0.5,-1.0,-1.0,1
73.0,4.0,1.0,1.0,900.0,1.0,-1.0,7.0,1.0,32.14,-0.5,-1.0,1.0,1.0,1.0,-1.0,1.0,-1.0,-1.0,-1.0,1.0,1.0,-1.0,-1.0,-1.0,-1.0,1.0,-1.0,-1.0,-1.0,-1.0,-1.0,1.0,-1.0,1.0,1.0,1.0,-1.0,-1.0,1.0,1.0,-1.0,-1.0,1.0,1.0,-0.5,1.0,1.0,-1.0,0.0,1.0,1.0,-1.0,-1.0,1
71.0,2.0,1.0,-1.0,800.0,1.0,1.0,9.0,1.0,23.45,1.0,1.0,-1.0,1.0,-1.0,-1.0,1.0,-1.0,1.0,-1.0,-1.0,-1.0,-1.0,-1.0,-1.0,-1.0,-1.0,-1.0,-1.0,-1.0,1.0,1.0,1.0,1.0,1.0,-1.0,-1.0,1.0,1.0,1.0,-1.0,-1.0,-1.0,1.0,-1.0,1.0,0.0,-1.0,-1.0,-1.0,1.0,-1.0,-1.0,-1.0,1
86.0,1.0,1.0,-1.0,770.0,1.0,1.0,12.0,1.0,30.98,1.0,1.0,-1.0,1.0,-1.0,1.0,1.0,-1.0,-1.0,-1.0,-1.0,1.0,-1.0,-1.0,-1.0,-1.0,-1.0,-1.0,-1.0,1.0,-1.0,-1.0,1.0,1.0,1.0,0.5,-1.0,-1.0,-1.0,-1.0,1.0,-1.0,-1.0,-1.0,-1.0,-0.5,-1.0,-1.0,0.5,0.0,1.0,1.0,-1.0,-1.0,1
66.0,3.0,1.0,1.0,1000.0,-1.0,1.0,10.0,1.0,28.79,1.0,-1.0,1.0,-0.5,-1.0,-1.0,1.0,1.0,-1.0,-1.0,-1.0,1.0,1.0,-1.0,1.0,-1.0,-1.0,-1.0,-1.0,-1.0,1.0,1.0,1.0,1.0,-0.5,1.0,-1.0,-1.0,-1.0,-1.0,1.0,1.0,-1.0,-1.0,1.0,-0.5,-1.0,0.0,-1.0,-1.0,1.0,1.0,-1.0,-1.0,1
59.0,5.0,-1.0,-1.0,2000.0,-1.0,-1.0,2.0,1.0,24.96,-0.5,-1.0,-1.0,1.0,-1.0,-1.0,1.0,-1.0,1.0,1.0,-1.0,1.0,-1.0,-1.0,1.0,-1.0,-1.0,-1.0,1.0,1.0,1.0,-1.0,1.0,-1.0,1.0,1.0,-1.0,-1.0,-1.0,-1.0,0.5,-0.75,-1.0,0.0,1.0,0.5,1.0,1.0,-1.0,0.0,-0.5,-0.5,-1.0,-1.0,1
65.0,4.0,1.0,-1.0,800.0,-1.0,-1.0,4.0,1.0,30.68,-0.5,-1.0,1.0,1.0,-1.0,-1.0,1.0,-1.0,-1.0,-1.0,-1.0,1.0,-1.0,-1.0,-1.0,-1.0,-1.0,-1.0,-1.0,1.0,-1.0,1.0,1.0,-1.0,1.0,1.0,1.0,-1.0,-1.0,1.0,0.5,-1.0,1.0,1.0,1.0,1.0,-1.0,1.0,-1.0,-1.0,1.0,-0.5,-1.0,-1.0,1
43.0,5.0,1.0,1.0,800.0,1.0,1.0,3.0,1.0,33.56,-1.0,-1.0,1.0,1.0,1.0,1.0,-1.0,-1.0,1.0,1.0,1.0,1.0,1.0,-1.0,-1.0,1.0,1.0,-1.0,1.0,-1.0,-1.0,-1.0,-1.0,1.0,1.0,1.0,-1.0,1.0,-1.0,1.0,1.0,-1.0,-1.0,0.0,1.0,0.5,1.0,1.0,0.5,1.0,-0.5,1.0,-1.0,-1.0,1
63.0,2.0,1.0,-1.0,880.0,-1.0,-1.0,1.0,1.0,32.81,-0.5,-1.0,1.0,1.0,-1.0,-1.0,1.0,-1.0,-1.0,-1.0,1.0,-1.0,1.0,-1.0,-1.0,-1.0,-1.0,-1.0,-1.0,-1.0,1.0,-1.0,-1.0,1.0,1.0,1.0,-1.0,-1.0,-1.0,1.0,0.5,1.0,-1.0,-1.0,-1.0,1.0,-1.0,-1.0,-1.0,-1.0,1.0,1.0,-1.0,-1.0,1
74.0,1.0,-1.0,-1.0,770.0,1.0,1.0,1.0,1.0,26.06,-0.5,-1.0,1.0,1.0,-1.0,-1.0,1.0,-1.0,-1.0,-1.0,-1.0,-1.0,1.0,1.0,-1.0,-1.0,-1.0,-1.0,-1.0,-1.0,-1.0,-1.0,1.0,1.0,1.0,-0.5,1.0,-1.0,-1.0,-1.0,0.5,-0.75,-1.0,1.0,-1.0,0.5,1.0,-1.0,0.5,0.0,0.5,-1.0,-1.0,-1.0,1
84.0,0.0,-1.0,-1.0,800.0,1.0,1.0,17.0,1.0,22.13,-0.5,-1.0,1.0,1.0,-1.0,-1.0,1.0,-1.0,-1.0,-1.0,-1.0,-1.0,1.0,1.0,-1.0,-1.0,-1.0,-1.0,-1.0,-1.0,-1.0,-1.0,1.0,1.0,1.0,-0.5,1.0,-1.0,-1.0,-1.0,0.5,-0.75,-1.0,1.0,-1.0,0.5,1.0,-1.0,0.5,0.0,0.5,-1.0,-1.0,-1.0,1
57.0,4.0,1.0,-1.0,900.0,-1.0,-1.0,10.0,1.0,28.9,-0.5,-1.0,1.0,1.0,-1.0,-1.0,1.0,-1.0,-1.0,-1.0,1.0,-1.0,1.0,-1.0,-1.0,-1.0,-1.0,-1.0,-1.0,-1.0,1.0,-1.0,-1.0,1.0,1.0,1.0,-1.0,-1.0,-1.0,1.0,0.5,1.0,-1.0,-1.0,-1.0,1.0,-1.0,-1.0,-1.0,-1.0,1.0,1.0,-1.0,-1.0,1
70.0,2.0,1.0,1.0,700.0,1.0,1.0,15.0,1.0,36.78,-1.0,-1.0,1.0,1.0,1.0,1.0,-1.0,-1.0,1.0,1.0,1.0,1.0,1.0,-1.0,-1.0,1.0,1.0,-1.0,1.0,-1.0,-1.0,-1.0,-1.0,1.0,1.0,1.0,-1.0,1.0,-1.0,1.0,1.0,-1.0,-1.0,0.0,1.0,0.5,1.0,1.0,0.5,1.0,-0.5,1.0,-1.0,-1.0,1
49.0,3.0,-1.0,-1.0,1000.0,-1.0,-1.0,5.0,1.0,34.78,-0.5,-1.0,-1.0,1.0,-1.0,-1.0,1.0,-1.0,1.0,1.0,-1.0,1.0,-1.0,-1.0,1.0,-1.0,-1.0,-1.0,1.0,1.0,1.0,-1.0,1.0,-1.0,1.0,1.0,-1.0,-1.0,-1.0,-1.0,0.5,-0.75,-1.0,0.0,1.0,0.5,1.0,1.0,-1.0,0.0,-0.5,-0.5,-1.0,-1.0,1
61.0,4.0,1.0,-1.0,770.0,1.0,1.0,10.0,1.0,22.3,1.0,1.0,-1.0,1.0,-1.0,-1.0,1.0,-1.0,1.0,-1.0,-1.0,-1.0,-1.0,-1.0,-1.0,-1.0,-1.0,-1.0,-1.0,-1.0,1.0,1.0,1.0,1.0,1.0,-1.0,-1.0,1.0,1.0,1.0,-1.0,-1.0,-1.0,1.0,-1.0,1.0,0.0,-1.0,-1.0,-1.0,1.0,-1.0,-1.0,-1.0,1
59.0,1.0,1.0,-1.0,2000.0,-1.0,1.0,20.0,1.0,27.78,-0.5,-1.0,-1.0,-0.5,-1.0,-1.0,1.0,-1.0,-1.0,-1.0,-1.0,-1.0,1.0,-1.0,1.0,-1.0,-1.0,1.0,-1.0,-1.0,-1.0,1.0,1.0,-1.0,1.0,1.0,1.0,1.0,-1.0,-1.0,1.0,0.75,1.0,0.0,1.0,-1.0,1.0,-1.0,-1.0,1.0,-0.5,-0.5,-1.0,-1.0,1
79.0,4.0,1.0,-1.0,1200.0,-1.0,1.0,31.0,1.0,29.34,-0.5,-1.0,1.0,-0.5,-1.0,-1.0,1.0,-1.0,-1.0,1.0,-1.0,-1.0,-1.0,-1.0,-1.0,-1.0,-1.0,-1.0,-1.0,-1.0,-1.0,1.0,1.0,-1.0,0.0,-1.0,-1.0,-1.0,-1.0,-1.0,-1.0,-1.0,-1.0,1.0,1.0,-1.0,1.0,-1.0,-1.0,0.0,-0.5,-1.0,1.0,-1.0,1
53.0,8.0,-1.0,-1.0,770.0,1.0,1.0,23.0,1.0,28.82,1.0,-1.0,-1.0,-0.5,-1.0,-1.0,1.0,-1.0,1.0,-1.0,-1.0,1.0,-1.0,-1.0,-1.0,-1.0,1.0,-1.0,-1.0,-1.0,-1.0,1.0,1.0,1.0,-0.5,1.0,1.0,1.0,-1.0,-1.0,-0.5,-1.0,-1.0,1.0,1.0,-0.5,-1.0,-1.0,-1.0,0.0,-0.5,-0.5,-1.0,-1.0,1
58.0,4.0,-1.0,-1.0,770.0,-1.0,-1.0,10.0,1.0,23.63,-0.5,-1.0,1.0,-1.0,-1.0,-1.0,1.0,-1.0,1.0,-1.0,-1.0,-1.0,1.0,1.0,-1.0,1.0,1.0,-1.0,1.0,1.0,1.0,-1.0,1.0,1.0,1.0,0.5,1.0,1.0,-1.0,-1.0,1.0,-1.0,-1.0,1.0,-1.0,1.0,-1.0,-1.0,-1.0,0.0,-0.5,1.0,-1.0,-1.0,1
83.0,4.0,1.0,-1.0,770.0,-1.0,1.0,10.0,1.0,23.71,1.0,-1.0,-1.0,1.0,-1.0,-1.0,1.0,1.0,-1.0,-1.0,1.0,1.0,-1.0,1.0,-1.0,-1.0,1.0,1.0,-1.0,-1.0,-1.0,1.0,1.0,-1.0,1.0,1.0,-1.0,-1.0,-1.0,1.0,1.0,-1.0,-1.0,1.0,1.0,0.5,1.0,-1.0,-1.0,0.0,1.0,-0.5,-1.0,-1.0,1
63.0,3.0,1.0,-1.0,800.0,-1.0,1.0,5.0,1.0,24.56,1.0,-1.0,-1.0,1.0,-1.0,-1.0,1.0,1.0,-1.0,-1.0,1.0,1.0,-1.0,1.0,-1.0,-1.0,1.0,1.0,-1.0,-1.0,-1.0,1.0,1.0,-1.0,1.0,1.0,-1.0,-1.0,-1.0,1.0,1.0,-1.0,-1.0,1.0,1.0,0.5,1.0,-1.0,-1.0,0.0,1.0,-0.5,-1.0,-1.0,1
60.0,4.0,-1.0,-1.0,900.0,-1.0,-1.0,8.0,1.0,32.45,-0.5,-1.0,1.0,-1.0,-1.0,-1.0,1.0,-1.0,1.0,-1.0,-1.0,-1.0,1.0,1.0,-1.0,1.0,1.0,-1.0,1.0,1.0,1.0,-1.0,1.0,1.0,1.0,0.5,1.0,1.0,-1.0,-1.0,1.0,-1.0,-1.0,1.0,-1.0,1.0,-1.0,-1.0,-1.0,0.0,-0.5,1.0,-1.0,-1.0,1
62.0,4.0,-1.0,-1.0,800.0,1.0,1.0,17.0,1.0,27.89,1.0,-1.0,-1.0,-0.5,-1.0,-1.0,1.0,-1.0,1.0,-1.0,-1.0,1.0,-1.0,-1.0,-1.0,-1.0,1.0,-1.0,-1.0,-1.0,-1.0,1.0,1.0,1.0,-0.5,1.0,1.0,1.0,-1.0,-1.0,-0.5,-1.0,-1.0,1.0,1.0,-0.5,-1.0,-1.0,-1.0,0.0,-0.5,-0.5,-1.0,-1.0,1
86.0,1.0,1.0,-1.0,700.0,-1.0,1.0,20.0,1.0,23.13,-0.5,-1.0,1.0,-0.5,-1.0,-1.0,1.0,-1.0,-1.0,1.0,-1.0,-1.0,-1.0,-1.0,-1.0,-1.0,-1.0,-1.0,-1.0,-1.0,-1.0,1.0,1.0,-1.0,0.0,-1.0,-1.0,-1.0,-1.0,-1.0,-1.0,-1.0,-1.0,1.0,1.0,-1.0,1.0,-1.0,-1.0,0.0,-0.5,-1.0,1.0,-1.0,1
49.0,8.0,1.0,-1.0,1000.0,-1.0,1.0,5.0,1.0,32.1,-0.5,-1.0,-1.0,-0.5,-1.0,-1.0,1.0,-1.0,-1.0,-1.0,-1.0,-1.0,1.0,-1.0,1.0,-1.0,-1.0,1.0,-1.0,-1.0,-1.0,1.0,1.0,-1.0,1.0,1.0,1.0,1.0,-1.0,-1.0,1.0,0.75,1.0,0.0,1.0,-1.0,1.0,-1.0,-1.0,1.0,-0.5,-0.5,-1.0,-1.0,1
40.0,8.0,1.0,1.0,1000.0,-1.0,1.0,6.0,1.0,28.12,-0.5,1.0,1.0,-0.5,-1.0,1.0,-1.0,-1.0,-1.0,1.0,1.0,1.0,1.0,1.0,-1.0,-1.0,-1.0,1.0,-1.0,-1.0,-1.0,1.0,-1.0,1.0,1.0,-0.5,-1.0,1.0,-1.0,1.0,1.0,-1.0,-1.0,0.0,-1.0,0.5,1.0,1.0,-1.0,1.0,1.0,1.0,-1.0,-1.0,1
69.0,0.0,1.0,-1.0,1500.0,-1.0,1.0,4.0,1.0,25.86,-0.5,-1.0,-1.0,1.0,-1.0,-1.0,1.0,-1.0,-1.0,-1.0,1.0,1.0,1.0,-1.0,-1.0,-1.0,-1.0,1.0,-1.0,-1.0,-1.0,-1.0,1.0,-1.0,1.0,1.0,-1.0,-1.0,-1.0,-1.0,1.0,-1.0,-1.0,-1.0,-1.0,-0.5,1.0,-1.0,-1.0,0.0,0.5,-0.5,-1.0,-1.0,1
33.0,14.0,1.0,1.0,2800.0,1.0,1.0,3.0,1.0,25.21,-0.5,-1.0,1.0,1.0,1.0,1.0,-1.0,-1.0,-1.0,1.0,-1.0,1.0,-1.0,-1.0,1.0,-1.0,1.0,-1.0,-1.0,-1.0,-1.0,-1.0,-1.0,-1.0,1.0,0.5,-1.0,1.0,-1.0,1.0,1.0,-0.75,-1.0,0.0,-1.0,0.5,1.0,1.0,0.5,1.0,1.0,1.0,-1.0,-1.0,1
43.0,12.0,-1.0,1.0,1000.0,-1.0,-1.0,5.0,1.0,25.71,-0.5,-1.0,-1.0,-0.5,-1.0,-1.0,-1.0,-1.0,-1.0,-1.0,1.0,-1.0,-1.0,-1.0,-1.0,-1.0,-1.0,-1.0,-1.0,-1.0,-1.0,-1.0,-1.0,1.0,-1.0,-1.0,-1.0,-1.0,-1.0,-1.0,-0.5,-1.0,-1.0,-1.0,-1.0,-1.0,-1.0,-1.0,-1.0,-1.0,-1.0,-1.0,-1.0,-1.0,1
50.0,6.0,1.0,1.0,1500.0,-1.0,-1.0,10.0,1.0,24.91,-0.5,-1.0,-1.0,1.0,1.0,1.0,-1.0,-1.0,1.0,1.0,1.0,1.0,1.0,-1.0,-1.0,-1.0,-1.0,-1.0,-1.0,1.0,-1.0,1.0,1.0,-1.0,1.0,1.0,1.0,1.0,-1.0,1.0,-0.5,-1.0,1.0,-1.0,-1.0,-0.5,-1.0,-1.0,-1.0,-1.0,-1.0,-1.0,-1.0,-1.0,1
64.0,0.0,-1.0,-1.0,600.0,1.0,1.0,30.0,1.0,32.01,-0.5,-1.0,1.0,1.0,-1.0,-1.0,1.0,-1.0,1.0,1.0,1.0,1.0,1.0,1.0,1.0,-1.0,1.0,1.0,-1.0,-1.0,1.0,1.0,1.0,-1.0,1.0,0.5,1.0,1.0,-1.0,-1.0,-0.5,1.0,1.0,0.0,1.0,1.0,1.0,1.0,0.5,1.0,1.0,0.5,1.0,-1.0,1
44.0,15.0,-1.0,-1.0,2000.0,-1.0,1.0,14.0,1.0,26.11,-0.5,-1.0,1.0,-0.5,-1.0,1.0,-1.0,-1.0,-1.0,1.0,1.0,1.0,1.0,1.0,-1.0,-1.0,-1.0,-1.0,-1.0,-1.0,-1.0,-1.0,-1.0,1.0,0.0,1.0,1.0,1.0,-1.0,-1.0,-1.0,-0.5,1.0,1.0,-1.0,1.0,1.0,1.0,-1.0,0.0,-0.5,-0.5,-1.0,-1.0,1
55.0,4.0,-1.0,-1.0,770.0,-1.0,-1.0,8.0,1.0,25.54,-0.5,-1.0,-1.0,1.0,-1.0,-1.0,-1.0,-1.0,1.0,-1.0,-1.0,-1.0,1.0,1.0,1.0,-1.0,-1.0,-1.0,-1.0,-1.0,-1.0,-1.0,1.0,1.0,1.0,0.5,1.0,-1.0,-1.0,-1.0,1.0,-1.0,-1.0,0.0,-1.0,0.5,1.0,-1.0,-1.0,0.0,-1.0,1.0,-1.0,-1.0,1
81.0,1.0,-1.0,-1.0,770.0,1.0,1.0,20.0,1.0,17.83,-0.5,-1.0,1.0,1.0,-1.0,-1.0,1.0,-1.0,-1.0,-1.0,-1.0,-1.0,-1.0,-1.0,-1.0,-1.0,-1.0,-1.0,-1.0,-1.0,-1.0,1.0,1.0,-1.0,1.0,0.5,1.0,-1.0,-1.0,1.0,1.0,-0.75,-1.0,1.0,-1.0,0.5,1.0,0.0,-1.0,0.0,-1.0,1.0,-1.0,-1.0,1
76.0,0.0,1.0,-1.0,1800.0,-1.0,-1.0,21.0,1.0,26.53,1.0,-1.0,1.0,1.0,-1.0,1.0,1.0,-1.0,1.0,1.0,1.0,1.0,1.0,1.0,1.0,1.0,-1.0,1.0,-1.0,-1.0,1.0,-1.0,1.0,-1.0,1.0,-0.5,-1.0,-1.0,-1.0,-1.0,1.0,0.75,1.0,1.0,-1.0,0.5,1.0,-1.0,1.0,0.0,-0.5,-0.5,-1.0,-1.0,1
68.0,8.0,1.0,-1.0,1600.0,-1.0,-1.0,25.0,1.0,20.0,-0.5,-1.0,1.0,-1.0,-1.0,1.0,-1.0,-1.0,1.0,-1.0,1.0,-1.0,1.0,1.0,-1.0,-1.0,1.0,-1.0,-1.0,-1.0,1.0,1.0,1.0,-1.0,-1.0,-1.0,-1.0,-1.0,-1.0,-1.0,-0.5,0.75,1.0,1.0,-1.0,-0.5,1.0,-1.0,-1.0,-1.0,-1.0,-0.5,1.0,1.0,1
52.0,6.0,1.0,-1.0,2300.0,-1.0,-1.0,4.0,1.0,31.83,-0.5,-1.0,1.0,1.0,-1.0,1.0,1.0,-1.0,-1.0,-1.0,-1.0,1.0,1.0,-1.0,-1.0,-1.0,-1.0,-1.0,-1.0,-1.0,1.0,-1.0,1.0,-1.0,1.0,-0.5,-1.0,-1.0,-1.0,-1.0,1.0,0.75,1.0,1.0,-1.0,0.5,1.0,-1.0,1.0,0.0,-0.5,-0.5,-1.0,-1.0,1
73.0,4.0,-1.0,-1.0,800.0,-1.0,-1.0,5.0,1.0,31.14,-0.5,-1.0,1.0,0.5,-1.0,-1.0,1.0,-1.0,-1.0,-1.0,1.0,-1.0,-1.0,-1.0,-1.0,-1.0,1.0,-1.0,-1.0,1.0,-1.0,-1.0,1.0,1.0,1.0,-0.5,1.0,-1.0,-1.0,-1.0,-1.0,-1.0,-1.0,1.0,-1.0,0.5,1.0,0.0,-1.0,0.0,-1.0,-0.5,1.0,-1.0,1
59.0,4.0,1.0,1.0,2000.0,1.0,-1.0,15.0,1.0,23.14,0.5,-1.0,-1.0,1.0,1.0,-1.0,1.0,-1.0,1.0,1.0,-1.0,-1.0,1.0,1.0,-1.0,-1.0,1.0,1.0,1.0,-1.0,-1.0,1.0,1.0,1.0,1.0,-1.0,-1.0,-1.0,-1.0,-1.0,1.0,-1.0,1.0,1.0,-1.0,-0.5,1.0,-1.0,-1.0,0.0,-1.0,-0.5,1.0,-1.0,1
50.0,5.0,1.0,1.0,600.0,1.0,1.0,10.0,1.0,19.36,-0.5,-1.0,1.0,1.0,-1.0,-1.0,-1.0,-1.0,-1.0,-1.0,-1.0,-1.0,-1.0,1.0,-1.0,-1.0,-1.0,-1.0,-1.0,-1.0,-1.0,-1.0,1.0,-1.0,1.0,0.5,-1.0,-1.0,-1.0,1.0,1.0,-1.0,-1.0,1.0,-1.0,0.5,1.0,-1.0,-1.0,0.0,1.0,-0.5,-1.0,-1.0,1
70.0,4.0,1.0,-1.0,1000.0,-1.0,-1.0,18.0,1.0,22.3,-0.5,-1.0,1.0,-1.0,-1.0,1.0,-1.0,-1.0,1.0,-1.0,1.0,-1.0,1.0,1.0,-1.0,-1.0,1.0,-1.0,-1.0,-1.0,1.0,1.0,1.0,-1.0,-1.0,-1.0,-1.0,-1.0,-1.0,-1.0,-0.5,0.75,1.0,1.0,-1.0,-0.5,1.0,-1.0,-1.0,-1.0,-1.0,-0.5,1.0,-1.0,1
49.0,8.0,1.0,-1.0,2000.0,-1.0,-1.0,2.0,1.0,30.9,-0.5,-1.0,1.0,1.0,-1.0,1.0,1.0,-1.0,-1.0,-1.0,-1.0,1.0,1.0,-1.0,-1.0,-1.0,-1.0,-1.0,-1.0,-1.0,1.0,-1.0,1.0,-1.0,1.0,-0.5,-1.0,-1.0,-1.0,-1.0,1.0,0.75,1.0,1.0,-1.0,0.5,1.0,-1.0,1.0,0.0,-0.5,-0.5,-1.0,-1.0,1
67.0,8.0,-1.0,-1.0,770.0,-1.0,-1.0,17.0,1.0,25.6,-0.5,-1.0,1.0,0.5,-1.0,-1.0,1.0,-1.0,-1.0,-1.0,1.0,-1.0,-1.0,-1.0,-1.0,-1.0,1.0,-1.0,-1.0,1.0,-1.0,-1.0,1.0,1.0,1.0,-0.5,1.0,-1.0,-1.0,-1.0,-1.0,-1.0,-1.0,1.0,-1.0,0.5,1.0,0.0,-1.0,0.0,-1.0,-0.5,1.0,-1.0,1
67.0,3.0,1.0,1.0,1500.0,1.0,-1.0,10.0,1.0,21.9,0.5,-1.0,-1.0,1.0,1.0,-1.0,1.0,-1.0,1.0,1.0,-1.0,-1.0,1.0,1.0,-1.0,-1.0,1.0,1.0,1.0,-1.0,-1.0,1.0,1.0,1.0,1.0,-1.0,-1.0,-1.0,-1.0,-1.0,1.0,-1.0,1.0,1.0,-1.0,-0.5,1.0,-1.0,-1.0,0.0,-1.0,-0.5,1.0,-1.0,1
47.0,11.0,1.0,1.0,1000.0,1.0,1.0,5.0,1.0,20.9,-0.5,-1.0,1.0,1.0,-1.0,-1.0,-1.0,-1.0,-1.0,-1.0,-1.0,-1.0,-1.0,1.0,-1.0,-1.0,-1.0,-1.0,-1.0,-1.0,-1.0,-1.0,1.0,-1.0,1.0,0.5,-1.0,-1.0,-1.0,1.0,1.0,-1.0,-1.0,1.0,-1.0,0.5,1.0,-1.0,-1.0,0.0,1.0,-0.5,-1.0,-1.0,1
68.0,8.0,-1.0,-1.0,770.0,-1.0,1.0,15.0,1.0,26.29,1.0,-1.0,1.0,1.0,1.0,-1.0,1.0,-1.0,-1.0,-1.0,-1.0,-1.0,1.0,-1.0,-1.0,-1.0,1.0,-1.0,1.0,-1.0,-1.0,1.0,1.0,-1.0,-0.5,-1.0,1.0,1.0,-1.0,1.0,0.5,-0.5,-1.0,1.0,1.0,-0.5,1.0,-1.0,-1.0,0.0,1.0,1.0,-1.0,-1.0,1
78.0,0.0,-1.0,-1.0,770.0,1.0,-1.0,8.0,1.0,28.69,1.0,-1.0,-1.0,0.5,-1.0,-1.0,1.0,-1.0,-1.0,-1.0,-1.0,-1.0,-1.0,-1.0,-1.0,-1.0,-1.0,-1.0,-1.0,-1.0,-1.0,1.0,1.0,1.0,0.0,-1.0,-1.0,-1.0,-1.0,-1.0,-0.5,-1.0,-1.0,1.0,-1.0,1.0,1.0,0.0,0.5,-1.0,1.0,1.0,-1.0,-1.0,1
42.0,14.0,-1.0,-1.0,700.0,-1.0,1.0,1.0,1.0,34.67,-0.5,-1.0,-1.0,1.0,-1.0,-1.0,-1.0,-1.0,-1.0,1.0,1.0,1.0,1.0,-1.0,-1.0,-1.0,1.0,-1.0,-1.0,-1.0,-1.0,-1.0,-1.0,1.0,-1.0,1.0,-1.0,1.0,-1.0,-1.0,0.5,-1.0,1.0,1.0,-1.0,0.5,1.0,-1.0,1.0,0.0,-0.5,1.0,1.0,-1.0,1
65.0,4.0,-1.0,-1.0,700.0,-1.0,1.0,15.0,1.0,28.2,1.0,-1.0,1.0,1.0,-1.0,-1.0,1.0,-1.0,-1.0,-1.0,1.0,1.0,-1.0,-1.0,-1.0,-1.0,1.0,-1.0,-1.0,-1.0,-1.0,-1.0,1.0,1.0,1.0,-0.5,-1.0,1.0,-1.0,-1.0,0.5,-0.75,-1.0,1.0,1.0,0.5,1.0,-1.0,1.0,-1.0,1.0,-1.0,-1.0,-1.0,1
59.0,4.0,1.0,-1.0,630.0,-1.0,1.0,30.0,-1.0,17.58,-0.5,-1.0,1.0,1.0,1.0,-1.0,1.0,-1.0,-1.0,-1.0,-1.0,-1.0,1.0,1.0,1.0,1.0,1.0,1.0,-1.0,-1.0,-1.0,1.0,1.0,-1.0,1.0,1.0,-1.0,1.0,-1.0,1.0,1.0,-1.0,-1.0,1.0,1.0,1.0,1.0,-1.0,1.0,0.0,1.0,1.0,-1.0,-1.0,1
75.0,3.0,1.0,1.0,2000.0,1.0,1.0,8.0,1.0,38.67,-0.5,-1.0,1.0,1.0,-1.0,-1.0,1.0,-1.0,-1.0,-1.0,-1.0,-1.0,-1.0,-1.0,-1.0,-1.0,1.0,-1.0,-1.0,-1.0,-1.0,-1.0,1.0,1.0,1.0,1.0,-1.0,-1.0,-1.0,-1.0,1.0,-1.0,-1.0,0.0,-1.0,-0.5,1.0,-1.0,-1.0,0.0,1.0,-0.5,-1.0,-1.0,1
70.0,9.0,1.0,1.0,1400.0,-1.0,1.0,16.0,1.0,27.1,-0.5,-1.0,1.0,-0.5,-1.0,-1.0,-1.0,-1.0,-1.0,-1.0,-1.0,1.0,-1.0,-1.0,-1.0,-1.0,1.0,-1.0,1.0,-1.0,-1.0,1.0,1.0,-1.0,1.0,-0.5,-1.0,1.0,-1.0,1.0,1.0,-0.75,-1.0,0.0,-1.0,-1.0,1.0,-1.0,-1.0,0.0,-1.0,-1.0,-1.0,-1.0,1
48.0,8.0,1.0,1.0,960.0,-1.0,1.0,15.0,1.0,21.68,1.0,-1.0,-1.0,1.0,-1.0,-1.0,1.0,-1.0,-1.0,-1.0,1.0,1.0,1.0,-1.0,-1.0,-1.0,1.0,-1.0,-1.0,-1.0,-1.0,-1.0,1.0,1.0,1.0,1.0,1.0,-1.0,-1.0,1.0,1.0,-1.0,-1.0,0.0,1.0,-1.0,1.0,-1.0,-1.0,0.0,-0.5,-1.0,1.0,-1.0,1
88.0,3.0,-1.0,-1.0,2000.0,-1.0,1.0,16.0,1.0,25.7,0.5,-1.0,-1.0,1.0,-1.0,-1.0,1.0,-1.0,-1.0,1.0,1.0,-1.0,-1.0,-1.0,-1.0,-1.0,1.0,-1.0,-1.0,1.0,-1.0,-1.0,-1.0,-1.0,-1.0,0.5,1.0,1.0,-1.0,-1.0,-0.5,-1.0,1.0,0.0,-1.0,-1.0,1.0,-1.0,-1.0,1.0,-0.5,-1.0,-1.0,-1.0,1
49.0,11.0,1.0,1.0,3500.0,-1.0,1.0,13.0,1.0,25.83,0.5,-1.0,-1.0,1.0,-1.0,1.0,-1.0,-1.0,1.0,-1.0,-1.0,-1.0,1.0,1.0,1.0,-1.0,1.0,1.0,-1.0,-1.0,-1.0,-1.0,1.0,1.0,1.0,0.5,-1.0,-1.0,-1.0,1.0,1.0,-1.0,-1.0,0.0,-1.0,-0.5,1.0,-1.0,-1.0,1.0,0.5,-0.5,-1.0,-1.0,1
75.0,13.0,-1.0,-1.0,1200.0,1.0,-1.0,12.0,1.0,32.8,1.0,1.0,1.0,1.0,-1.0,-1.0,-1.0,-1.0,1.0,1.0,1.0,-1.0,-1.0,1.0,1.0,-1.0,-1.0,1.0,1.0,-1.0,-1.0,-1.0,-1.0,-1.0,-1.0,1.0,1.0,1.0,-1.0,-1.0,1.0,-1.0,1.0,0.0,1.0,1.0,1.0,-1.0,-1.0,0.0,1.0,-1.0,-1.0,-1.0,1
65.0,4.0,-1.0,-1.0,600.0,1.0,1.0,10.0,1.0,24.3,-0.5,-1.0,1.0,1.0,-1.0,-1.0,1.0,-1.0,-1.0,1.0,-1.0,1.0,-1.0,-1.0,-1.0,-1.0,1.0,-1.0,1.0,1.0,-1.0,-1.0,1.0,-1.0,1.0,-1.0,1.0,-1.0,-1.0,-1.0,-0.5,-0.75,1.0,1.0,-1.0,-0.5,-1.0,-1.0,-1.0,0.0,1.0,1.0,-1.0,-1.0,1
61.0,8.0,-1.0,-1.0,2500.0,-1.0,1.0,1.0,1.0,30.78,-0.5,-1.0,1.0,1.0,1.0,-1.0,1.0,1.0,1.0,1.0,1.0,-1.0,1.0,1.0,1.0,1.0,1.0,1.0,-1.0,-1.0,1.0,1.0,1.0,1.0,-0.5,1.0,1.0,-1.0,-1.0,-1.0,0.5,-0.75,1.0,-1.0,-1.0,-0.5,-1.0,-1.0,1.0,0.0,-1.0,-0.5,-1.0,-1.0,1
61.0,4.0,-1.0,-1.0,1000.0,1.0,1.0,30.0,1.0,27.72,-0.5,-1.0,-1.0,1.0,-1.0,-1.0,1.0,-1.0,1.0,1.0,-1.0,1.0,1.0,1.0,1.0,1.0,1.0,1.0,1.0,-1.0,1.0,-1.0,1.0,-1.0,1.0,1.0,1.0,-1.0,1.0,1.0,1.0,-0.75,1.0,-1.0,1.0,-1.0,1.0,-1.0,-1.0,0.0,1.0,-0.5,-1.0,-1.0,1
66.0,16.0,-1.0,-1.0,700.0,-1.0,1.0,4.0,1.0,26.95,-0.5,-1.0,1.0,0.5,-1.0,-1.0,1.0,-1.0,-1.0,1.0,1.0,-1.0,-1.0,-1.0,-1.0,-1.0,-1.0,-1.0,-1.0,-1.0,-1.0,1.0,1.0,1.0,-1.0,0.5,1.0,1.0,-1.0,-1.0,-0.5,-0.75,-1.0,-1.0,1.0,-0.5,1.0,0.0,-1.0,1.0,-1.0,-0.5,-1.0,-1.0,1
65.0,10.0,-1.0,-1.0,800.0,1.0,-1.0,8.0,1.0,33.4,1.0,1.0,1.0,1.0,-1.0,-1.0,-1.0,-1.0,1.0,1.0,1.0,-1.0,-1.0,1.0,1.0,-1.0,-1.0,1.0,1.0,-1.0,-1.0,-1.0,-1.0,-1.0,-1.0,1.0,1.0,1.0,-1.0,-1.0,1.0,-1.0,1.0,0.0,1.0,1.0,1.0,-1.0,-1.0,0.0,1.0,-1.0,-1.0,-1.0,1
55.0,3.0,-1.0,-1.0,900.0,1.0,1.0,12.0,1.0,25.6,-0.5,-1.0,1.0,1.0,-1.0,-1.0,1.0,-1.0,-1.0,1.0,-1.0,1.0,-1.0,-1.0,-1.0,-1.0,1.0,-1.0,1.0,1.0,-1.0,-1.0,1.0,-1.0,1.0,-1.0,1.0,-1.0,-1.0,-1.0,-0.5,-0.75,1.0,1.0,-1.0,-0.5,-1.0,-1.0,-1.0,0.0,1.0,1.0,-1.0,-1.0,1
70.0,2.0,-1.0,-1.0,1000.0,-1.0,1.0,5.0,1.0,32.9,-0.5,-1.0,1.0,1.0,1.0,-1.0,1.0,1.0,1.0,1.0,1.0,-1.0,1.0,1.0,1.0,1.0,1.0,1.0,-1.0,-1.0,1.0,1.0,1.0,1.0,-0.5,1.0,1.0,-1.0,-1.0,-1.0,0.5,-0.75,1.0,-1.0,-1.0,-0.5,-1.0,-1.0,1.0,0.0,-1.0,-0.5,-1.0,-1.0,1
50.0,11.0,-1.0,-1.0,2000.0,1.0,1.0,4.0,1.0,22.9,-0.5,-1.0,-1.0,1.0,-1.0,-1.0,1.0,-1.0,1.0,1.0,-1.0,1.0,1.0,1.0,1.0,1.0,1.0,1.0,1.0,-1.0,1.0,-1.0,1.0,-1.0,1.0,1.0,1.0,-1.0,1.0,1.0,1.0,-0.75,1.0,-1.0,1.0,-1.0,1.0,-1.0,-1.0,0.0,1.0,-0.5,-1.0,-1.0,1
70.0,4.0,-1.0,-1.0,1000.0,-1.0,1.0,7.0,1.0,30.9,-0.5,-1.0,1.0,0.5,-1.0,-1.0,1.0,-1.0,-1.0,1.0,1.0,-1.0,-1.0,-1.0,-1.0,-1.0,-1.0,-1.0,-1.0,-1.0,-1.0,1.0,1.0,1.0,-1.0,0.5,1.0,1.0,-1.0,-1.0,-0.5,-0.75,-1.0,-1.0,1.0,-0.5,1.0,0.0,-1.0,1.0,-1.0,-0.5,-1.0,-1.0,1
58.0,4.0,-1.0,-1.0,1000.0,1.0,-1.0,5.0,1.0,28.84,-0.5,-1.0,1.0,0.5,-1.0,-1.0,-1.0,-1.0,1.0,-1.0,-1.0,1.0,1.0,1.0,1.0,1.0,-1.0,1.0,1.0,-1.0,1.0,-1.0,1.0,1.0,1.0,-1.0,-1.0,1.0,-1.0,-1.0,-1.0,-0.75,-1.0,0.0,-1.0,-0.5,1.0,-1.0,-1.0,1.0,1.0,-0.5,-1.0,-1.0,1
57.0,11.0,1.0,1.0,1500.0,1.0,1.0,5.0,1.0,18.93,-0.5,-1.0,1.0,1.0,-1.0,1.0,1.0,-1.0,-1.0,-1.0,-1.0,-1.0,1.0,-1.0,-1.0,-1.0,-1.0,-1.0,-1.0,-1.0,-1.0,-1.0,1.0,1.0,1.0,1.0,-1.0,1.0,-1.0,-1.0,0.5,-1.0,-1.0,0.0,-1.0,-0.5,1.0,0.0,-1.0,0.0,-0.5,1.0,1.0,1.0,1
63.0,0.0,-1.0,-1.0,700.0,-1.0,-1.0,11.0,1.0,35.09,1.0,1.0,1.0,1.0,-1.0,-1.0,1.0,-1.0,1.0,-1.0,-1.0,1.0,1.0,1.0,-1.0,1.0,1.0,1.0,-1.0,1.0,1.0,1.0,-1.0,1.0,1.0,1.0,-1.0,1.0,-1.0,1.0,-0.5,-0.75,-1.0,0.0,1.0,1.0,1.0,-1.0,1.0,0.0,-0.5,-0.5,-1.0,-1.0,1
55.0,4.0,-1.0,-1.0,1200.0,-1.0,1.0,8.0,1.0,31.91,1.0,-1.0,-1.0,0.5,-1.0,-1.0,1.0,-1.0,1.0,-1.0,-1.0,-1.0,1.0,1.0,1.0,1.0,-1.0,1.0,-1.0,-1.0,1.0,-1.0,1.0,-1.0,-1.0,-1.0,1.0,1.0,-1.0,-1.0,0.5,-1.0,-1.0,1.0,-1.0,-0.5,-1.0,-1.0,0.5,0.0,-1.0,-1.0,-1.0,-1.0,1
62.0,4.0,1.0,-1.0,700.0,1.0,1.0,2.0,1.0,27.1,-0.5,-1.0,1.0,-0.5,-1.0,1.0,1.0,-1.0,-1.0,-1.0,-1.0,-1.0,-1.0,-1.0,-1.0,-1.0,-1.0,-1.0,-1.0,-1.0,-1.0,-1.0,1.0,-1.0,1.0,-0.5,-1.0,-1.0,-1.0,-1.0,0.5,-1.0,1.0,0.0,-1.0,0.5,1.0,1.0,0.5,0.0,-0.5,-1.0,-1.0,-1.0,1
68.0,2.0,-1.0,-1.0,1000.0,1.0,-1.0,10.0,1.0,30.9,-0.5,-1.0,1.0,0.5,-1.0,-1.0,-1.0,-1.0,1.0,-1.0,-1.0,1.0,1.0,1.0,1.0,1.0,-1.0,1.0,1.0,-1.0,1.0,-1.0,1.0,1.0,1.0,-1.0,-1.0,1.0,-1.0,-1.0,-1.0,-0.75,-1.0,0.0,-1.0,-0.5,1.0,-1.0,-1.0,1.0,1.0,-0.5,-1.0,-1.0,1
47.0,8.0,1.0,1.0,1000.0,1.0,1.0,5.0,1.0,20.47,-0.5,-1.0,1.0,1.0,-1.0,1.0,1.0,-1.0,-1.0,-1.0,-1.0,-1.0,1.0,-1.0,-1.0,-1.0,-1.0,-1.0,-1.0,-1.0,-1.0,-1.0,1.0,1.0,1.0,1.0,-1.0,1.0,-1.0,-1.0,0.5,-1.0,-1.0,0.0,-1.0,-0.5,1.0,0.0,-1.0,0.0,-0.5,1.0,1.0,-1.0,1
53.0,4.0,-1.0,-1.0,800.0,-1.0,-1.0,10.0,1.0,31.25,1.0,1.0,1.0,1.0,-1.0,-1.0,1.0,-1.0,1.0,-1.0,-1.0,1.0,1.0,1.0,-1.0,1.0,1.0,1.0,-1.0,1.0,1.0,1.0,-1.0,1.0,1.0,1.0,-1.0,1.0,-1.0,1.0,-0.5,-0.75,-1.0,0.0,1.0,1.0,1.0,-1.0,1.0,0.0,-0.5,-0.5,-1.0,-1.0,1
65.0,4.0,-1.0,-1.0,1200.0,-1.0,1.0,10.0,1.0,28.9,1.0,-1.0,-1.0,0.5,-1.0,-1.0,1.0,-1.0,1.0,-1.0,-1.0,-1.0,1.0,1.0,1.0,1.0,-1.0,1.0,-1.0,-1.0,1.0,-1.0,1.0,-1.0,-1.0,-1.0,1.0,1.0,-1.0,-1.0,0.5,-1.0,-1.0,1.0,-1.0,-0.5,-1.0,-1.0,0.5,0.0,-1.0,-1.0,-1.0,-1.0,1
72.0,2.0,1.0,-1.0,800.0,1.0,1.0,10.0,1.0,24.65,-0.5,-1.0,1.0,-0.5,-1.0,1.0,1.0,-1.0,-1.0,-1.0,-1.0,-1.0,-1.0,-1.0,-1.0,-1.0,-1.0,-1.0,-1.0,-1.0,-1.0,-1.0,1.0,-1.0,1.0,-0.5,-1.0,-1.0,-1.0,-1.0,0.5,-1.0,1.0,0.0,-1.0,0.5,1.0,1.0,0.5,0.0,-0.5,-1.0,-1.0,-1.0,1
34.0,15.0,1.0,1.0,2000.0,-1.0,1.0,15.0,-1.0,26.84,-0.5,-1.0,-1.0,-0.5,-1.0,-1.0,1.0,-1.0,-1.0,-1.0,-1.0,1.0,-1.0,-1.0,1.0,1.0,1.0,-1.0,-1.0,-1.0,-1.0,-1.0,-1.0,1.0,-1.0,-1.0,-1.0,-1.0,-1.0,-1.0,1.0,-1.0,-1.0,0.0,-1.0,0.5,1.0,-1.0,0.5,0.0,-0.5,-0.5,-1.0,-1.0,1
49.0,7.0,1.0,-1.0,800.0,-1.0,1.0,20.0,1.0,31.59,1.0,1.0,-1.0,0.5,-1.0,-1.0,1.0,-1.0,-1.0,1.0,-1.0,1.0,1.0,1.0,1.0,1.0,1.0,-1.0,-1.0,-1.0,1.0,-1.0,1.0,1.0,-0.5,-1.0,-1.0,1.0,-1.0,-1.0,1.0,-0.75,1.0,-1.0,-1.0,-0.5,1.0,-1.0,-1.0,1.0,-1.0,1.0,-1.0,-1.0,1
57.0,1.0,-1.0,-1.0,1500.0,-1.0,1.0,8.0,1.0,35.38,1.0,-1.0,-1.0,1.0,-1.0,-1.0,1.0,-1.0,1.0,-1.0,-1.0,-1.0,1.0,1.0,1.0,1.0,1.0,-1.0,-1.0,-1.0,1.0,1.0,1.0,-1.0,-0.5,-1.0,1.0,1.0,-1.0,1.0,0.5,-1.0,-1.0,-1.0,-1.0,-0.5,1.0,-1.0,1.0,0.0,0.5,-0.5,-1.0,-1.0,1
63.0,4.0,-1.0,-1.0,660.0,1.0,1.0,15.0,1.0,23.56,1.0,-1.0,1.0,1.0,-1.0,-1.0,1.0,-1.0,1.0,-1.0,-1.0,1.0,-1.0,-1.0,-1.0,-1.0,-1.0,-1.0,-1.0,-1.0,-1.0,-1.0,1.0,1.0,1.0,-0.5,-1.0,-1.0,-1.0,-1.0,1.0,-1.0,-1.0,-1.0,1.0,-1.0,1.0,-1.0,-1.0,0.0,-0.5,-0.5,-1.0,-1.0,1
44.0,0.0,-1.0,-1.0,1500.0,-1.0,1.0,7.0,1.0,30.85,1.0,-1.0,1.0,0.5,-1.0,-1.0,1.0,-1.0,-1.0,-1.0,1.0,-1.0,-1.0,1.0,-1.0,-1.0,1.0,-1.0,-1.0,1.0,-1.0,1.0,1.0,1.0,1.0,-1.0,-1.0,-1.0,-1.0,-1.0,1.0,-1.0,-1.0,1.0,1.0,0.5,1.0,-1.0,1.0,0.0,1.0,1.0,-1.0,-1.0,1
50.0,4.0,1.0,1.0,1700.0,-1.0,1.0,10.0,1.0,29.36,0.5,-1.0,1.0,1.0,-1.0,-1.0,1.0,-1.0,1.0,-1.0,-1.0,-1.0,1.0,-1.0,-1.0,-1.0,1.0,-1.0,-1.0,-1.0,-1.0,1.0,1.0,1.0,1.0,-0.5,-1.0,-1.0,-1.0,-1.0,1.0,-1.0,-1.0,0.0,-1.0,1.0,1.0,0.0,-1.0,0.0,-0.5,-1.0,-1.0,-1.0,1
82.0,1.0,1.0,-1.0,2400.0,-1.0,1.0,5.0,1.0,29.07,1.0,-1.0,-1.0,0.5,-1.0,-1.0,1.0,1.0,-1.0,-1.0,1.0,-1.0,1.0,1.0,-1.0,1.0,1.0,-1.0,-1.0,1.0,1.0,1.0,1.0,-1.0,-0.5,0.5,-1.0,1.0,-1.0,-1.0,0.5,-0.75,1.0,0.0,-1.0,-1.0,1.0,-1.0,0.5,0.0,-1.0,1.0,-1.0,-1.0,1
44.0,3.0,-1.0,-1.0,1200.0,-1.0,1.0,5.0,1.0,26.81,1.0,-1.0,1.0,-0.5,-1.0,-1.0,-1.0,-1.0,-1.0,-1.0,-1.0,-1.0,-1.0,1.0,-1.0,-1.0,-1.0,-1.0,-1.0,-1.0,-1.0,-1.0,1.0,1.0,1.0,1.0,1.0,1.0,-1.0,-1.0,1.0,1.0,1.0,0.0,-1.0,1.0,1.0,-1.0,-1.0,0.0,1.0,-0.5,-1.0,-1.0,1
73.0,0.0,-1.0,-1.0,1660.0,1.0,1.0,15.0,1.0,24.56,1.0,-1.0,1.0,1.0,-1.0,-1.0,1.0,-1.0,1.0,-1.0,-1.0,1.0,-1.0,-1.0,-1.0,-1.0,-1.0,-1.0,-1.0,-1.0,-1.0,-1.0,1.0,1.0,1.0,-0.5,-1.0,-1.0,-1.0,-1.0,1.0,-1.0,-1.0,-1.0,1.0,-1.0,1.0,-1.0,-1.0,0.0,-0.5,-0.5,-1.0,-1.0,1
54.0,14.0,-1.0,-1.0,2500.0,-1.0,1.0,7.0,1.0,23.45,1.0,-1.0,1.0,0.5,-1.0,-1.0,1.0,-1.0,-1.0,-1.0,1.0,-1.0,-1.0,1.0,-1.0,-1.0,1.0,-1.0,-1.0,1.0,-1.0,1.0,1.0,1.0,1.0,-1.0,-1.0,-1.0,-1.0,-1.0,1.0,-1.0,-1.0,1.0,1.0,0.5,1.0,-1.0,1.0,0.0,1.0,1.0,-1.0,-1.0,1
49.0,12.0,1.0,1.0,1700.0,-1.0,1.0,10.0,1.0,28.9,0.5,-1.0,1.0,1.0,-1.0,-1.0,1.0,-1.0,1.0,-1.0,-1.0,-1.0,1.0,-1.0,-1.0,-1.0,1.0,-1.0,-1.0,-1.0,-1.0,1.0,1.0,1.0,1.0,-0.5,-1.0,-1.0,-1.0,-1.0,1.0,-1.0,-1.0,0.0,-1.0,1.0,1.0,0.0,-1.0,0.0,-0.5,-1.0,-1.0,-1.0,1
81.0,1.0,1.0,-1.0,2000.0,-1.0,1.0,5.0,1.0,29.08,1.0,-1.0,-1.0,0.5,-1.0,-1.0,1.0,1.0,-1.0,-1.0,1.0,-1.0,1.0,1.0,-1.0,1.0,1.0,-1.0,-1.0,1.0,1.0,1.0,1.0,-1.0,-0.5,0.5,-1.0,1.0,-1.0,-1.0,0.5,-0.75,1.0,0.0,-1.0,-1.0,1.0,-1.0,-1.0,0.0,-1.0,1.0,-1.0,-1.0,1
45.0,15.0,-1.0,-1.0,2500.0,-1.0,1.0,5.0,1.0,27.89,1.0,-1.0,1.0,-0.5,-1.0,-1.0,-1.0,-1.0,-1.0,-1.0,-1.0,-1.0,-1.0,1.0,-1.0,-1.0,-1.0,-1.0,-1.0,-1.0,-1.0,-1.0,1.0,1.0,1.0,1.0,1.0,1.0,-1.0,-1.0,1.0,1.0,1.0,0.0,-1.0,1.0,1.0,-1.0,-1.0,0.0,1.0,-0.5,-1.0,-1.0,1
44.0,13.0,1.0,1.0,2000.0,-1.0,1.0,2.0,1.0,29.06,-0.5,-1.0,1.0,-1.0,1.0,-1.0,-1.0,-1.0,1.0,-1.0,1.0,1.0,1.0,-1.0,-1.0,1.0,-1.0,-1.0,-1.0,-1.0,-1.0,-1.0,-1.0,1.0,-0.5,-1.0,-1.0,-1.0,-1.0,1.0,1.0,-0.5,-1.0,1.0,1.0,-0.5,1.0,-1.0,0.5,0.0,-0.5,1.0,-1.0,-1.0,1
60.0,1.0,-1.0,-1.0,800.0,1.0,1.0,1.0,1.0,33.65,-0.5,-1.0,1.0,1.0,-1.0,-1.0,1.0,-1.0,-1.0,1.0,1.0,1.0,1.0,1.0,1.0,1.0,1.0,-1.0,-1.0,-1.0,-1.0,1.0,1.0,-1.0,0.0,0.5,1.0,1.0,-1.0,-1.0,-1.0,-1.0,1.0,1.0,-1.0,0.5,1.0,0.0,-1.0,0.0,1.0,-0.5,1.0,-1.0,1
75.0,1.0,-1.0,-1.0,1200.0,1.0,1.0,31.0,1.0,24.03,1.0,-1.0,-1.0,1.0,-1.0,-1.0,1.0,-1.0,-1.0,-1.0,1.0,-1.0,-1.0,-1.0,-1.0,-1.0,-1.0,-1.0,-1.0,-1.0,-1.0,1.0,1.0,-1.0,0.0,0.5,1.0,1.0,-1.0,-1.0,-1.0,-1.0,1.0,-1.0,-1.0,-0.5,-1.0,-1.0,0.5,0.0,-0.5,-0.5,-1.0,-1.0,1
62.0,0.0,-1.0,-1.0,1300.0,1.0,1.0,20.0,1.0,35.52,0.5,-1.0,1.0,1.0,-1.0,-1.0,1.0,-1.0,1.0,-1.0,-1.0,1.0,1.0,1.0,1.0,1.0,1.0,1.0,1.0,1.0,1.0,1.0,1.0,-1.0,1.0,-0.5,-1.0,1.0,-1.0,-1.0,1.0,-1.0,-1.0,1.0,-1.0,0.5,1.0,0.0,-1.0,-1.0,-1.0,-1.0,-1.0,-1.0,1
59.0,3.0,-1.0,-1.0,660.0,1.0,1.0,15.0,1.0,47.87,-0.5,1.0,1.0,1.0,-1.0,-1.0,1.0,-1.0,1.0,1.0,1.0,1.0,1.0,1.0,1.0,1.0,1.0,1.0,1.0,-1.0,-1.0,1.0,1.0,-1.0,1.0,0.5,1.0,1.0,-1.0,1.0,1.0,0.75,-1.0,1.0,1.0,0.5,1.0,1.0,0.5,1.0,-0.5,-0.5,1.0,-1.0,1
72.0,5.0,-1.0,-1.0,2000.0,-1.0,1.0,20.0,1.0,32.88,-0.5,1.0,1.0,1.0,-1.0,1.0,1.0,-1.0,-1.0,-1.0,-1.0,1.0,-1.0,-1.0,-1.0,-1.0,1.0,-1.0,1.0,1.0,-1.0,1.0,1.0,1.0,1.0,-1.0,-1.0,1.0,-1.0,-1.0,1.0,0.75,-1.0,0.0,1.0,0.5,-1.0,-1.0,1.0,0.0,-0.5,-1.0,1.0,-1.0,1
67.0,4.0,-1.0,-1.0,700.0,1.0,-1.0,20.0,1.0,27.59,1.0,-1.0,-1.0,1.0,-1.0,-1.0,1.0,-1.0,-1.0,-1.0,-1.0,-1.0,1.0,-1.0,-1.0,-1.0,1.0,1.0,-1.0,-1.0,1.0,-1.0,1.0,-1.0,0.0,1.0,-1.0,-1.0,-1.0,1.0,0.5,-1.0,1.0,1.0,-1.0,-0.5,1.0,1.0,-1.0,0.0,-0.5,-1.0,-1.0,-1.0,1
46.0,12.0,1.0,-1.0,1700.0,1.0,-1.0,10.0,1.0,24.57,1.0,1.0,1.0,1.0,1.0,1.0,1.0,-1.0,-1.0,1.0,1.0,1.0,1.0,1.0,1.0,-1.0,1.0,1.0,1.0,1.0,-1.0,-1.0,1.0,-1.0,1.0,0.5,-1.0,1.0,1.0,1.0,1.0,-0.75,-1.0,0.0,-1.0,1.0,1.0,1.0,-1.0,0.0,1.0,1.0,1.0,-1.0,1
67.0,8.0,-1.0,-1.0,1500.0,-1.0,-1.0,17.0,1.0,23.9,-0.5,-1.0,-1.0,0.5,-1.0,-1.0,1.0,-1.0,-1.0,-1.0,1.0,1.0,1.0,1.0,1.0,1.0,1.0,-1.0,-1.0,-1.0,-1.0,1.0,1.0,-1.0,-1.0,1.0,1.0,1.0,-1.0,-1.0,-0.5,0.25,1.0,1.0,-1.0,-0.5,0.0,1.0,-1.0,-1.0,-0.5,-0.5,-1.0,-1.0,1
58.0,3.0,-1.0,1.0,700.0,-1.0,1.0,15.0,1.0,33.98,-0.5,-1.0,1.0,0.5,-1.0,-1.0,1.0,1.0,1.0,1.0,1.0,1.0,1.0,1.0,-1.0,-1.0,-1.0,-1.0,-1.0,-1.0,-1.0,1.0,1.0,1.0,1.0,1.0,1.0,1.0,-1.0,-1.0,-1.0,-0.75,1.0,1.0,1.0,0.5,-1.0,0.0,1.0,0.0,1.0,-0.5,-1.0,-1.0,1
62.0,0.0,-1.0,1.0,500.0,1.0,1.0,20.0,1.0,35.76,1.0,0.0,-1.0,1.0,1.0,-1.0,-1.0,-1.0,-1.0,-1.0,-1.0,-1.0,-1.0,-1.0,-1.0,-1.0,1.0,-1.0,-1.0,1.0,-1.0,1.0,1.0,1.0,-0.5,-1.0,1.0,-1.0,-1.0,-1.0,1.0,1.0,-1.0,0.0,1.0,-0.5,-1.0,1.0,-1.0,-1.0,-0.5,-0.5,1.0,-1.0,1
73.0,0.0,1.0,-1.0,800.0,-1.0,1.0,30.0,1.0,26.98,1.0,-1.0,1.0,1.0,1.0,1.0,1.0,1.0,1.0,1.0,1.0,1.0,1.0,1.0,-1.0,-1.0,1.0,1.0,1.0,1.0,-1.0,1.0,1.0,-1.0,1.0,1.0,-1.0,1.0,1.0,1.0,1.0,-0.75,-1.0,1.0,-1.0,-0.5,1.0,0.0,0.5,1.0,0.5,1.0,-1.0,-1.0,1
34.0,3.0,-1.0,-1.0,2000.0,-1.0,1.0,25.0,-1.0,20.8,-0.5,-1.0,-1.0,0.5,-1.0,-1.0,-1.0,-1.0,-1.0,-1.0,-1.0,1.0,-1.0,-1.0,-1.0,-1.0,-1.0,-1.0,-1.0,1.0,-1.0,1.0,-1.0,1.0,-1.0,-0.5,1.0,1.0,-1.0,-1.0,-0.5,-1.0,1.0,0.0,-1.0,-1.0,0.0,-1.0,-1.0,-1.0,1.0,-1.0,-1.0,-1.0,1
57.0,15.0,1.0,-1.0,1000.0,1.0,1.0,5.0,1.0,28.9,-0.5,-1.0,1.0,1.0,1.0,1.0,-1.0,-1.0,-1.0,-1.0,1.0,1.0,1.0,1.0,-1.0,-1.0,1.0,1.0,1.0,-1.0,-1.0,1.0,1.0,-1.0,1.0,0.5,1.0,1.0,1.0,1.0,1.0,0.25,-1.0,0.0,-1.0,-1.0,0.0,1.0,-1.0,-1.0,1.0,1.0,-1.0,-1.0,1
69.0,0.0,1.0,-1.0,800.0,-1.0,1.0,10.0,1.0,26.09,0.5,1.0,1.0,1.0,1.0,1.0,1.0,1.0,1.0,1.0,1.0,1.0,1.0,1.0,-1.0,-1.0,-1.0,-1.0,-1.0,-1.0,-1.0,-1.0,1.0,-1.0,1.0,0.5,-1.0,1.0,-1.0,1.0,1.0,1.0,1.0,1.0,-1.0,1.0,1.0,1.0,1.0,1.0,1.0,1.0,-1.0,-1.0,1
73.0,2.0,1.0,-1.0,1300.0,-1.0,-1.0,17.0,1.0,37.98,-0.5,-1.0,-1.0,0.5,-1.0,-1.0,1.0,1.0,1.0,1.0,1.0,1.0,1.0,1.0,1.0,1.0,1.0,-1.0,-1.0,-1.0,-1.0,1.0,1.0,-1.0,-1.0,1.0,1.0,1.0,-1.0,-1.0,1.0,1.0,-1.0,1.0,-1.0,-0.5,0.0,1.0,-1.0,-1.0,-0.5,-0.5,-1.0,-1.0,1
50.0,3.0,-1.0,-1.0,1500.0,-1.0,-1.0,3.0,1.0,23.45,-0.5,-1.0,-1.0,1.0,-1.0,-1.0,-1.0,-1.0,-1.0,1.0,1.0,1.0,1.0,1.0,-1.0,-1.0,-1.0,-1.0,-1.0,-1.0,-1.0,-1.0,-1.0,1.0,1.0,0.5,1.0,1.0,-1.0,-1.0,-1.0,-0.75,1.0,-1.0,1.0,-0.5,0.0,0.0,-1.0,0.0,1.0,-1.0,-1.0,-1.0,1
70.0,16.0,1.0,-1.0,6000.0,1.0,-1.0,6.0,1.0,29.76,-0.5,-1.0,1.0,-0.5,-1.0,-1.0,1.0,-1.0,-1.0,-1.0,1.0,1.0,-1.0,-1.0,-1.0,-1.0,-1.0,-1.0,-1.0,-1.0,-1.0,-1.0,1.0,1.0,1.0,-1.0,-1.0,-1.0,-1.0,-1.0,1.0,-1.0,1.0,1.0,-1.0,1.0,-1.0,-1.0,-1.0,0.0,1.0,1.0,-1.0,-1.0,1
77.0,4.0,-1.0,-1.0,770.0,1.0,1.0,30.0,1.0,38.9,-0.5,-1.0,1.0,1.0,-1.0,-1.0,1.0,-1.0,-1.0,-1.0,-1.0,1.0,1.0,-1.0,-1.0,-1.0,1.0,-1.0,-1.0,1.0,-1.0,-1.0,1.0,-1.0,1.0,-0.5,-1.0,1.0,-1.0,-1.0,1.0,-0.75,-1.0,1.0,1.0,0.5,-1.0,-1.0,-1.0,0.0,1.0,1.0,-1.0,-1.0,1
59.0,4.0,-1.0,1.0,770.0,1.0,1.0,28.0,1.0,36.78,0.5,-1.0,-1.0,1.0,-1.0,-1.0,1.0,-1.0,-1.0,-1.0,-1.0,-1.0,-1.0,-1.0,-1.0,-1.0,1.0,-1.0,-1.0,-1.0,-1.0,-1.0,1.0,1.0,1.0,-0.5,-1.0,-1.0,-1.0,-1.0,1.0,-1.0,1.0,1.0,1.0,-0.5,1.0,-1.0,1.0,-1.0,-0.5,-0.5,-1.0,-1.0,1
46.0,11.0,-1.0,1.0,700.0,1.0,1.0,14.0,-1.0,25.6,0.5,-1.0,-1.0,1.0,-1.0,-1.0,-1.0,-1.0,-1.0,-1.0,1.0,-1.0,1.0,-1.0,1.0,-1.0,1.0,1.0,-1.0,-1.0,1.0,1.0,1.0,-1.0,-0.5,-1.0,1.0,1.0,-1.0,-1.0,0.5,-1.0,1.0,0.0,-1.0,-0.5,-1.0,-1.0,-1.0,1.0,-0.5,1.0,-1.0,-1.0,1
51.0,8.0,1.0,1.0,1500.0,-1.0,1.0,7.0,1.0,31.24,-0.5,-1.0,1.0,1.0,-1.0,-1.0,-1.0,-1.0,-1.0,-1.0,1.0,1.0,-1.0,-1.0,-1.0,-1.0,1.0,1.0,-1.0,-1.0,-1.0,1.0,1.0,1.0,-0.5,0.5,-1.0,1.0,-1.0,1.0,1.0,-1.0,-1.0,-1.0,1.0,0.5,0.0,0.0,0.5,0.0,-0.5,-0.5,-1.0,-1.0,1
48.0,15.0,-1.0,-1.0,2000.0,-1.0,1.0,4.0,1.0,37.78,-0.5,-1.0,1.0,-0.5,-1.0,1.0,1.0,-1.0,-1.0,1.0,1.0,1.0,-1.0,-1.0,-1.0,-1.0,-1.0,-1.0,-1.0,-1.0,-1.0,1.0,1.0,1.0,1.0,1.0,1.0,-1.0,-1.0,-1.0,-0.5,-1.0,1.0,0.0,-1.0,0.5,0.0,0.0,-1.0,-1.0,1.0,-1.0,-1.0,-1.0,1
27.0,15.0,-1.0,-1.0,3000.0,1.0,1.0,20.0,-1.0,22.3,1.0,-1.0,-1.0,-1.0,-1.0,-1.0,-1.0,-1.0,-1.0,-1.0,-1.0,-1.0,-1.0,-1.0,-1.0,-1.0,-1.0,-1.0,-1.0,-1.0,-1.0,-1.0,-1.0,1.0,1.0,1.0,1.0,1.0,-1.0,-1.0,-0.5,-1.0,1.0,0.0,1.0,-0.5,-1.0,-1.0,-1.0,-1.0,-1.0,-0.5,-1.0,-1.0,1
51.0,8.0,-1.0,-1.0,1000.0,-1.0,1.0,6.0,1.0,35.76,-0.5,1.0,1.0,-0.5,-1.0,-1.0,1.0,-1.0,-1.0,1.0,1.0,1.0,1.0,1.0,-1.0,-1.0,-1.0,-1.0,1.0,-1.0,-1.0,1.0,1.0,1.0,-1.0,1.0,1.0,1.0,-1.0,-1.0,1.0,-0.75,1.0,0.0,-1.0,0.5,0.0,0.0,-0.5,0.0,0.5,-0.5,1.0,-1.0,1
72.0,6.0,-1.0,-1.0,800.0,1.0,-1.0,20.0,1.0,32.1,1.0,-1.0,-1.0,1.0,-1.0,-1.0,1.0,1.0,1.0,1.0,1.0,1.0,1.0,1.0,1.0,1.0,1.0,1.0,-1.0,-1.0,1.0,1.0,-1.0,-1.0,1.0,0.5,1.0,1.0,-1.0,-1.0,0.5,-1.0,1.0,1.0,-1.0,-1.0,1.0,1.0,-1.0,-1.0,1.0,-1.0,-1.0,-1.0,1
54.0,4.0,-1.0,-1.0,900.0,-1.0,1.0,15.0,1.0,39.89,-0.5,-1.0,-1.0,0.5,-1.0,-1.0,-1.0,-1.0,1.0,1.0,1.0,1.0,1.0,1.0,-1.0,-1.0,-1.0,1.0,1.0,1.0,1.0,1.0,1.0,1.0,-1.0,0.5,1.0,1.0,-1.0,1.0,1.0,-1.0,-1.0,-1.0,-1.0,1.0,0.0,0.0,1.0,0.0,-0.5,1.0,1.0,-1.0,1
70.0,3.0,1.0,1.0,2000.0,1.0,1.0,8.0,1.0,35.8,-0.5,-1.0,1.0,1.0,-1.0,-1.0,1.0,-1.0,-1.0,-1.0,-1.0,-1.0,-1.0,-1.0,-1.0,-1.0,1.0,-1.0,-1.0,-1.0,-1.0,-1.0,1.0,1.0,1.0,1.0,-1.0,-1.0,-1.0,-1.0,1.0,-1.0,-1.0,0.0,-1.0,-0.5,1.0,-1.0,-1.0,0.0,1.0,-0.5,-1.0,-1.0,1
68.0,9.0,1.0,1.0,1400.0,-1.0,1.0,16.0,1.0,29.8,-0.5,-1.0,1.0,-0.5,-1.0,-1.0,-1.0,-1.0,-1.0,-1.0,-1.0,1.0,-1.0,-1.0,-1.0,-1.0,1.0,-1.0,1.0,-1.0,-1.0,1.0,1.0,-1.0,1.0,-0.5,-1.0,1.0,-1.0,1.0,1.0,-0.75,-1.0,0.0,-1.0,-1.0,1.0,-1.0,-1.0,0.0,-1.0,-1.0,-1.0,-1.0,1
48.0,8.0,1.0,1.0,960.0,1.0,1.0,15.0,1.0,34.9,1.0,-1.0,-1.0,1.0,-1.0,-1.0,1.0,-1.0,-1.0,-1.0,1.0,1.0,1.0,-1.0,-1.0,-1.0,1.0,-1.0,-1.0,-1.0,-1.0,-1.0,1.0,1.0,1.0,1.0,1.0,-1.0,-1.0,1.0,1.0,-1.0,-1.0,0.0,1.0,-1.0,1.0,-1.0,-1.0,0.0,-0.5,-1.0,1.0,-1.0,1
88.0,3.0,-1.0,-1.0,2000.0,-1.0,1.0,16.0,1.0,39.1,0.5,-1.0,-1.0,1.0,-1.0,-1.0,1.0,-1.0,-1.0,1.0,1.0,-1.0,-1.0,-1.0,-1.0,-1.0,1.0,-1.0,-1.0,1.0,-1.0,-1.0,-1.0,-1.0,-1.0,0.5,1.0,1.0,-1.0,-1.0,-0.5,-1.0,1.0,0.0,-1.0,-1.0,1.0,-1.0,-1.0,1.0,-0.5,-1.0,-1.0,-1.0,1
50.0,11.0,1.0,1.0,3500.0,-1.0,1.0,13.0,1.0,33.8,0.5,-1.0,-1.0,1.0,-1.0,1.0,-1.0,-1.0,1.0,-1.0,-1.0,-1.0,1.0,1.0,1.0,-1.0,1.0,1.0,-1.0,-1.0,-1.0,-1.0,1.0,1.0,1.0,0.5,-1.0,-1.0,-1.0,1.0,1.0,-1.0,-1.0,0.0,-1.0,-0.5,1.0,-1.0,-1.0,1.0,0.5,-0.5,-1.0,-1.0,1
65.0,13.0,-1.0,-1.0,1200.0,1.0,-1.0,12.0,1.0,32.9,1.0,1.0,1.0,1.0,-1.0,-1.0,-1.0,-1.0,1.0,1.0,1.0,-1.0,-1.0,1.0,1.0,-1.0,-1.0,1.0,1.0,-1.0,-1.0,-1.0,-1.0,-1.0,-1.0,1.0,1.0,1.0,-1.0,-1.0,1.0,-1.0,1.0,0.0,1.0,1.0,1.0,-1.0,-1.0,0.0,1.0,-1.0,-1.0,-1.0,1
55.0,8.0,-1.0,-1.0,2000.0,1.0,1.0,10.0,1.0,22.1,-0.5,-1.0,1.0,1.0,-1.0,-1.0,1.0,-1.0,-1.0,1.0,-1.0,1.0,-1.0,-1.0,-1.0,-1.0,1.0,-1.0,1.0,1.0,-1.0,-1.0,1.0,-1.0,1.0,-1.0,1.0,-1.0,-1.0,-1.0,-0.5,-0.75,1.0,1.0,-1.0,-0.5,-1.0,-1.0,-1.0,0.0,1.0,1.0,-1.0,-1.0,1
60.0,8.0,-1.0,-1.0,2500.0,-1.0,1.0,1.0,1.0,35.9,-0.5,-1.0,1.0,1.0,1.0,-1.0,1.0,1.0,1.0,1.0,1.0,-1.0,1.0,1.0,1.0,1.0,1.0,1.0,-1.0,-1.0,1.0,1.0,1.0,1.0,-0.5,1.0,1.0,-1.0,-1.0,-1.0,0.5,-0.75,1.0,-1.0,-1.0,-0.5,-1.0,-1.0,1.0,0.0,-1.0,-0.5,-1.0,-1.0,1
59.0,4.0,-1.0,-1.0,1000.0,1.0,1.0,30.0,1.0,34.7,-0.5,-1.0,-1.0,1.0,-1.0,-1.0,1.0,-1.0,1.0,1.0,-1.0,1.0,1.0,1.0,1.0,1.0,1.0,1.0,1.0,-1.0,1.0,-1.0,1.0,-1.0,1.0,1.0,1.0,-1.0,1.0,1.0,1.0,-0.75,1.0,-1.0,1.0,-1.0,1.0,-1.0,-1.0,0.0,1.0,-0.5,-1.0,-1.0,1
76.0,16.0,-1.0,-1.0,700.0,-1.0,1.0,4.0,1.0,27.9,-0.5,-1.0,1.0,0.5,-1.0,-1.0,1.0,-1.0,-1.0,1.0,1.0,-1.0,-1.0,-1.0,-1.0,-1.0,-1.0,-1.0,-1.0,-1.0,-1.0,1.0,1.0,1.0,-1.0,0.5,1.0,1.0,-1.0,-1.0,-0.5,-0.75,-1.0,-1.0,1.0,-0.5,1.0,0.0,-1.0,1.0,-1.0,-0.5,-1.0,-1.0,1
54.0,11.0,-1.0,-1.0,1200.0,-1.0,-1.0,22.0,1.0,30.69,1.0,-1.0,-1.0,-0.5,-1.0,-1.0,1.0,-1.0,1.0,1.0,1.0,-1.0,1.0,1.0,-1.0,-1.0,1.0,-1.0,-1.0,-1.0,-1.0,-1.0,1.0,1.0,1.0,-1.0,-1.0,-1.0,-1.0,1.0,-0.5,-0.5,-1.0,1.0,1.0,-0.5,1.0,-1.0,-1.0,1.0,1.0,-1.0,-1.0,-1.0,1
52.0,8.0,-1.0,-1.0,700.0,-1.0,1.0,15.0,1.0,32.71,-0.5,-1.0,1.0,-0.5,-1.0,-1.0,1.0,-1.0,-1.0,1.0,1.0,1.0,1.0,-1.0,1.0,-1.0,1.0,1.0,1.0,1.0,1.0,1.0,1.0,1.0,1.0,1.0,1.0,1.0,-1.0,1.0,1.0,-0.5,-1.0,1.0,-1.0,-0.5,1.0,-1.0,-1.0,0.0,1.0,-1.0,-1.0,-1.0,1
74.0,1.0,-1.0,-1.0,1500.0,1.0,1.0,13.0,1.0,28.89,-0.5,-1.0,1.0,-0.5,-1.0,-1.0,1.0,-1.0,-1.0,-1.0,-1.0,-1.0,-1.0,1.0,1.0,-1.0,1.0,-1.0,1.0,-1.0,-1.0,1.0,1.0,1.0,-0.5,-1.0,-1.0,-1.0,-1.0,-1.0,1.0,0.5,-1.0,1.0,-1.0,-0.5,1.0,0.0,1.0,1.0,-1.0,-1.0,-1.0,-1.0,1
72.0,1.0,-1.0,-1.0,700.0,1.0,-1.0,15.0,1.0,29.59,1.0,-1.0,-1.0,1.0,-1.0,-1.0,1.0,-1.0,-1.0,-1.0,1.0,-1.0,-1.0,1.0,-1.0,1.0,-1.0,-1.0,1.0,1.0,-1.0,1.0,1.0,1.0,-0.5,0.5,-1.0,-1.0,-1.0,1.0,0.5,0.75,1.0,1.0,1.0,0.5,1.0,0.0,1.0,0.0,1.0,-0.5,-1.0,-1.0,1
62.0,11.0,-1.0,-1.0,1400.0,1.0,-1.0,25.0,1.0,24.61,0.5,-1.0,-1.0,-0.5,-1.0,-1.0,1.0,-1.0,1.0,-1.0,-1.0,1.0,-1.0,-1.0,1.0,-1.0,1.0,1.0,1.0,1.0,-1.0,-1.0,1.0,-1.0,0.0,-0.5,-1.0,1.0,-1.0,1.0,1.0,0.5,1.0,1.0,1.0,0.5,1.0,-1.0,-1.0,1.0,-0.5,1.0,-1.0,-1.0,1
80.0,0.0,-1.0,-1.0,780.0,1.0,-1.0,20.0,1.0,24.67,-0.5,-1.0,1.0,1.0,-1.0,-1.0,1.0,-1.0,-1.0,-1.0,-1.0,1.0,-1.0,1.0,-1.0,-1.0,1.0,-1.0,1.0,-1.0,-1.0,-1.0,1.0,-1.0,-1.0,-1.0,-1.0,-1.0,-1.0,-1.0,0.5,-1.0,-1.0,1.0,1.0,0.5,1.0,-1.0,-1.0,0.0,-0.5,-0.5,-1.0,-1.0,1
84.0,3.0,-1.0,-1.0,700.0,1.0,1.0,27.0,1.0,23.98,-0.5,-1.0,1.0,1.0,-1.0,1.0,1.0,1.0,1.0,-1.0,-1.0,1.0,-1.0,-1.0,-1.0,-1.0,1.0,-1.0,-1.0,-1.0,-1.0,-1.0,-1.0,-1.0,1.0,-0.5,1.0,-1.0,-1.0,1.0,1.0,-1.0,1.0,1.0,1.0,-0.5,-1.0,-1.0,-0.5,0.0,1.0,-0.5,-1.0,-1.0,1
67.0,4.0,-1.0,-1.0,900.0,1.0,-1.0,37.0,1.0,37.98,0.5,-1.0,-1.0,0.5,-1.0,-1.0,1.0,1.0,1.0,-1.0,-1.0,1.0,1.0,1.0,1.0,1.0,1.0,1.0,1.0,-1.0,1.0,1.0,1.0,-1.0,0.0,-0.5,-1.0,-1.0,-1.0,-1.0,-0.5,-1.0,1.0,1.0,-1.0,1.0,1.0,-1.0,-1.0,-1.0,-1.0,-0.5,1.0,-1.0,1
41.0,8.0,-1.0,1.0,1400.0,-1.0,1.0,3.0,1.0,26.78,-0.5,-1.0,-1.0,1.0,-1.0,-1.0,-1.0,-1.0,-1.0,1.0,1.0,1.0,1.0,1.0,-1.0,-1.0,1.0,-1.0,-1.0,-1.0,1.0,-1.0,1.0,1.0,-1.0,-1.0,1.0,1.0,-1.0,1.0,-0.5,0.75,1.0,1.0,-1.0,0.5,1.0,1.0,0.5,1.0,1.0,-0.5,-1.0,-1.0,1
69.0,6.0,1.0,-1.0,2200.0,-1.0,1.0,25.0,1.0,35.98,1.0,-1.0,-1.0,1.0,-1.0,1.0,1.0,-1.0,-1.0,-1.0,-1.0,-1.0,-1.0,-1.0,-1.0,-1.0,-1.0,-1.0,-1.0,-1.0,-1.0,-1.0,1.0,-1.0,1.0,0.5,-1.0,-1.0,-1.0,-1.0,1.0,-1.0,-1.0,1.0,-1.0,-0.5,-1.0,-1.0,0.5,0.0,1.0,-1.0,-1.0,-1.0,1
50.0,15.0,-1.0,-1.0,4000.0,-1.0,1.0,20.0,1.0,27.24,-0.5,-1.0,-1.0,-0.5,-1.0,-1.0,-1.0,-1.0,-1.0,1.0,1.0,1.0,1.0,1.0,-1.0,-1.0,1.0,-1.0,-1.0,-1.0,1.0,1.0,1.0,1.0,-0.5,1.0,1.0,1.0,-1.0,-1.0,0.5,0.25,1.0,-1.0,-1.0,-0.5,1.0,1.0,-1.0,-1.0,1.0,-0.5,-1.0,-1.0,1
64.0,11.0,-1.0,-1.0,1200.0,-1.0,-1.0,22.0,1.0,20.98,1.0,-1.0,-1.0,-0.5,-1.0,-1.0,1.0,-1.0,1.0,1.0,1.0,-1.0,1.0,1.0,-1.0,-1.0,1.0,-1.0,-1.0,-1.0,-1.0,-1.0,1.0,1.0,1.0,-1.0,-1.0,-1.0,-1.0,1.0,-0.5,-0.5,-1.0,1.0,1.0,-0.5,1.0,-1.0,-1.0,1.0,1.0,-1.0,-1.0,-1.0,1
42.0,8.0,-1.0,-1.0,700.0,-1.0,1.0,3.0,1.0,29.76,-0.5,-1.0,1.0,-0.5,-1.0,-1.0,1.0,-1.0,-1.0,1.0,1.0,1.0,1.0,-1.0,1.0,-1.0,1.0,1.0,1.0,1.0,1.0,1.0,1.0,1.0,1.0,1.0,1.0,1.0,-1.0,1.0,1.0,-0.5,-1.0,1.0,-1.0,-0.5,1.0,-1.0,-1.0,0.0,1.0,-1.0,-1.0,-1.0,1
71.0,1.0,-1.0,-1.0,1500.0,1.0,1.0,19.0,1.0,29.43,-0.5,-1.0,1.0,-0.5,-1.0,-1.0,1.0,-1.0,-1.0,-1.0,-1.0,-1.0,-1.0,1.0,1.0,-1.0,1.0,-1.0,1.0,-1.0,-1.0,1.0,1.0,1.0,-0.5,-1.0,-1.0,-1.0,-1.0,-1.0,1.0,0.5,-1.0,1.0,-1.0,-0.5,1.0,0.0,1.0,1.0,-1.0,-1.0,-1.0,-1.0,1
83.0,1.0,-1.0,-1.0,700.0,1.0,-1.0,15.0,1.0,30.0,1.0,-1.0,-1.0,1.0,-1.0,-1.0,1.0,-1.0,-1.0,-1.0,1.0,-1.0,-1.0,1.0,-1.0,1.0,-1.0,-1.0,1.0,-1.0,-1.0,1.0,1.0,1.0,-0.5,0.5,-1.0,-1.0,-1.0,1.0,0.5,0.75,1.0,1.0,1.0,0.5,1.0,0.0,1.0,0.0,1.0,-0.5,-1.0,-1.0,1
60.0,11.0,-1.0,-1.0,1400.0,1.0,-1.0,25.0,1.0,26.87,0.5,-1.0,-1.0,-0.5,-1.0,-1.0,1.0,-1.0,1.0,-1.0,-1.0,1.0,-1.0,-1.0,1.0,-1.0,1.0,1.0,1.0,-1.0,-1.0,-1.0,1.0,-1.0,0.0,-0.5,-1.0,1.0,-1.0,1.0,1.0,0.5,1.0,1.0,1.0,0.5,1.0,-1.0,-1.0,1.0,-0.5,1.0,-1.0,-1.0,1
72.0,2.0,-1.0,-1.0,780.0,1.0,-1.0,20.0,1.0,26.87,-0.5,-1.0,1.0,1.0,-1.0,-1.0,1.0,-1.0,-1.0,-1.0,-1.0,1.0,-1.0,1.0,-1.0,-1.0,1.0,-1.0,1.0,-1.0,-1.0,-1.0,1.0,-1.0,-1.0,-1.0,-1.0,-1.0,-1.0,-1.0,0.5,-1.0,-1.0,1.0,1.0,0.5,1.0,-1.0,-1.0,0.0,-0.5,-0.5,-1.0,-1.0,1
88.0,3.0,-1.0,-1.0,1000.0,1.0,1.0,27.0,1.0,27.12,-0.5,-1.0,1.0,1.0,-1.0,1.0,1.0,1.0,1.0,-1.0,-1.0,1.0,-1.0,-1.0,-1.0,-1.0,1.0,-1.0,-1.0,-1.0,-1.0,-1.0,-1.0,-1.0,1.0,-0.5,1.0,-1.0,-1.0,1.0,1.0,-1.0,1.0,1.0,1.0,-0.5,-1.0,-1.0,-0.5,0.0,1.0,-0.5,-1.0,-1.0,1
72.0,8.0,1.0,-1.0,800.0,-1.0,1.0,30.0,1.0,26.8,-0.5,-1.0,-1.0,-0.5,1.0,1.0,1.0,1.0,1.0,1.0,1.0,1.0,1.0,1.0,1.0,1.0,1.0,1.0,-1.0,-1.0,-1.0,1.0,1.0,1.0,-0.5,-1.0,1.0,1.0,-1.0,-1.0,1.0,-1.0,-1.0,-1.0,1.0,0.5,0.0,0.0,1.0,0.0,-0.5,-0.5,-1.0,-1.0,1
39.0,16.0,1.0,1.0,3000.0,-1.0,-1.0,10.0,1.0,29.5,-0.5,-1.0,-1.0,-1.0,-1.0,1.0,-1.0,-1.0,-1.0,-1.0,1.0,1.0,-1.0,-1.0,-1.0,-1.0,-1.0,-1.0,-1.0,-1.0,-1.0,-1.0,-1.0,1.0,1.0,0.5,-1.0,1.0,-1.0,-1.0,1.0,-1.0,1.0,-1.0,1.0,1.0,0.0,0.0,1.0,0.0,-0.5,-1.0,-1.0,-1.0,1
71.0,5.0,1.0,1.0,1200.0,-1.0,1.0,20.0,1.0,27.8,-0.5,-1.0,1.0,1.0,-1.0,-1.0,1.0,1.0,-1.0,-1.0,-1.0,1.0,-1.0,-1.0,-1.0,1.0,1.0,-1.0,-1.0,-1.0,-1.0,-1.0,1.0,1.0,-1.0,0.5,-1.0,1.0,1.0,1.0,1.0,-0.75,-1.0,-1.0,-1.0,-1.0,1.0,1.0,0.5,0.0,1.0,-1.0,-1.0,-1.0,1
55.0,10.0,1.0,1.0,2000.0,-1.0,1.0,2.0,1.0,27.43,-0.5,-1.0,1.0,1.0,-1.0,1.0,1.0,-1.0,1.0,-1.0,-1.0,-1.0,1.0,1.0,1.0,1.0,-1.0,1.0,-1.0,-1.0,1.0,1.0,1.0,1.0,-1.0,-0.5,-1.0,-1.0,-1.0,1.0,1.0,-1.0,-1.0,1.0,1.0,-0.5,1.0,-1.0,-1.0,0.0,1.0,1.0,1.0,1.0,1
80.0,0.0,-1.0,-1.0,770.0,1.0,-1.0,8.0,1.0,24.9,-0.5,-1.0,1.0,1.0,-1.0,1.0,1.0,-1.0,-1.0,-1.0,-1.0,-1.0,-1.0,1.0,-1.0,-1.0,1.0,-1.0,1.0,-1.0,-1.0,-1.0,1.0,-1.0,-1.0,1.0,-1.0,1.0,-1.0,1.0,-0.5,-1.0,-1.0,1.0,-1.0,0.5,1.0,-1.0,1.0,0.0,-0.5,-0.5,1.0,1.0,1
55.0,8.0,-1.0,-1.0,1000.0,1.0,-1.0,4.0,1.0,22.1,-0.5,-1.0,1.0,1.0,-1.0,-1.0,-1.0,-1.0,-1.0,-1.0,1.0,-1.0,-1.0,-1.0,-1.0,-1.0,-1.0,-1.0,-1.0,-1.0,-1.0,-1.0,-1.0,-1.0,1.0,-1.0,-1.0,-1.0,-1.0,1.0,0.5,-1.0,-1.0,1.0,-1.0,0.5,1.0,-1.0,1.0,-1.0,1.0,1.0,-1.0,-1.0,1
73.0,3.0,-1.0,-1.0,2000.0,-1.0,1.0,30.0,1.0,32.76,0.5,-1.0,-1.0,1.0,-1.0,-1.0,1.0,-1.0,-1.0,-1.0,-1.0,-1.0,1.0,1.0,1.0,1.0,-1.0,-1.0,1.0,-1.0,1.0,1.0,-1.0,-1.0,-0.5,1.0,-1.0,-1.0,-1.0,-1.0,1.0,-1.0,1.0,1.0,-1.0,1.0,1.0,-1.0,-1.0,1.0,-1.0,-1.0,-1.0,-1.0,1
68.0,4.0,1.0,1.0,800.0,1.0,1.0,7.0,1.0,33.98,1.0,1.0,1.0,-0.5,-1.0,1.0,1.0,-1.0,-1.0,1.0,-1.0,-1.0,-1.0,-1.0,-1.0,-1.0,-1.0,-1.0,-1.0,-1.0,-1.0,-1.0,1.0,1.0,-0.5,-1.0,-1.0,1.0,-1.0,1.0,-0.5,-1.0,-1.0,-1.0,-1.0,-1.0,-1.0,-1.0,-1.0,0.0,1.0,-1.0,-1.0,-1.0,1
75.0,5.0,1.0,-1.0,1500.0,1.0,-1.0,10.0,1.0,30.0,-0.5,1.0,1.0,1.0,1.0,-1.0,1.0,-1.0,1.0,-1.0,1.0,1.0,1.0,-1.0,1.0,1.0,-1.0,1.0,-1.0,-1.0,1.0,1.0,1.0,-1.0,-1.0,1.0,1.0,-1.0,-1.0,1.0,-0.5,1.0,-1.0,0.0,-1.0,0.5,-1.0,0.0,0.5,-1.0,-0.5,-0.5,-1.0,-1.0,1
49.0,8.0,-1.0,1.0,770.0,1.0,1.0,7.0,1.0,20.1,0.5,-1.0,1.0,1.0,-1.0,-1.0,-1.0,-1.0,1.0,-1.0,-1.0,1.0,1.0,1.0,1.0,1.0,1.0,1.0,1.0,-1.0,1.0,1.0,-1.0,1.0,-0.5,0.5,1.0,1.0,-1.0,-1.0,-0.5,1.0,1.0,-1.0,-1.0,-1.0,1.0,-1.0,-1.0,0.0,-0.5,-0.5,-1.0,-1.0,1
87.0,7.0,1.0,1.0,3500.0,-1.0,1.0,13.0,1.0,31.8,1.0,-1.0,1.0,-0.5,-1.0,-1.0,1.0,1.0,-1.0,-1.0,-1.0,1.0,1.0,-1.0,1.0,-1.0,-1.0,-1.0,-1.0,-1.0,1.0,1.0,1.0,1.0,-0.5,1.0,-1.0,-1.0,-1.0,-1.0,1.0,1.0,-1.0,-1.0,1.0,-0.5,-1.0,0.0,-1.0,-1.0,1.0,1.0,-1.0,-1.0,1
65.0,3.0,-1.0,-1.0,770.0,1.0,1.0,12.0,1.0,26.0,1.0,1.0,-1.0,1.0,-1.0,1.0,1.0,-1.0,-1.0,-1.0,-1.0,1.0,-1.0,-1.0,-1.0,-1.0,-1.0,-1.0,-1.0,1.0,-1.0,-1.0,1.0,1.0,-1.0,0.5,-1.0,-1.0,-1.0,-1.0,1.0,-1.0,-1.0,-1.0,-1.0,-0.5,-1.0,-1.0,0.5,0.0,1.0,1.0,-1.0,-1.0,1
86.0,0.0,-1.0,-1.0,770.0,1.0,-1.0,15.0,1.0,33.75,1.0,1.0,-1.0,1.0,-1.0,-1.0,1.0,-1.0,1.0,-1.0,-1.0,-1.0,-1.0,-1.0,-1.0,-1.0,-1.0,-1.0,-1.0,-1.0,1.0,1.0,1.0,1.0,-1.0,-1.0,-1.0,1.0,1.0,1.0,-1.0,-1.0,-1.0,1.0,-1.0,1.0,0.0,-1.0,-1.0,-1.0,1.0,-1.0,-1.0,-1.0,1
45.0,8.0,-1.0,-1.0,800.0,-1.0,1.0,20.0,-1.0,28.97,-0.5,1.0,-1.0,1.0,-1.0,-1.0,-1.0,-1.0,-1.0,1.0,1.0,1.0,1.0,-1.0,-1.0,-1.0,-1.0,-1.0,1.0,-1.0,-1.0,-1.0,-1.0,1.0,0.0,1.0,1.0,1.0,-1.0,-1.0,0.5,0.25,1.0,-1.0,1.0,0.5,0.0,0.0,1.0,0.0,0.5,0.5,-1.0,-1.0,1
57.0,8.0,-1.0,-1.0,1000.0,1.0,1.0,10.0,1.0,25.7,-0.5,1.0,1.0,0.5,1.0,-1.0,1.0,-1.0,-1.0,-1.0,-1.0,-1.0,1.0,1.0,-1.0,-1.0,-1.0,1.0,1.0,-1.0,-1.0,-1.0,-1.0,-1.0,-1.0,-0.5,1.0,1.0,-1.0,-1.0,-0.5,0.0,1.0,0.0,1.0,-0.5,-1.0,1.0,-0.5,1.0,-0.5,-0.5,-1.0,-1.0,1
54.0,6.0,1.0,-1.0,2000.0,1.0,-1.0,5.0,1.0,27.9,-0.5,1.0,1.0,0.5,1.0,-1.0,1.0,-1.0,-1.0,-1.0,-1.0,-1.0,1.0,1.0,-1.0,-1.0,-1.0,1.0,1.0,-1.0,-1.0,-1.0,-1.0,-1.0,1.0,-0.5,-1.0,1.0,-1.0,-1.0,-0.5,0.0,1.0,0.0,1.0,-0.5,-1.0,1.0,-0.5,1.0,-0.5,-0.5,-1.0,-1.0,1
51.0,11.0,-1.0,-1.0,2000.0,1.0,1.0,8.0,1.0,30.43,1.0,1.0,-1.0,1.0,-1.0,1.0,1.0,-1.0,-1.0,-1.0,-1.0,1.0,-1.0,-1.0,-1.0,-1.0,-1.0,-1.0,-1.0,-1.0,-1.0,-1.0,1.0,1.0,-1.0,0.5,-1.0,-1.0,-1.0,-1.0,1.0,-1.0,-1.0,-1.0,-1.0,-0.5,-1.0,-1.0,0.5,0.0,1.0,1.0,-1.0,-1.0,1
42.0,8.0,1.0,1.0,1300.0,-1.0,-1.0,5.0,1.0,23.67,-0.5,-1.0,-1.0,-1.0,1.0,-1.0,-1.0,-1.0,-1.0,1.0,1.0,1.0,-1.0,-1.0,-1.0,-1.0,-1.0,-1.0,-1.0,-1.0,-1.0,1.0,-1.0,1.0,1.0,1.0,-1.0,1.0,-1.0,1.0,1.0,0.0,-1.0,-1.0,1.0,1.0,0.0,0.0,0.5,0.0,-0.5,1.0,-1.0,-1.0,1
79.0,1.0,1.0,-1.0,900.0,1.0,1.0,30.0,1.0,26.34,-0.5,1.0,1.0,1.0,-1.0,-1.0,-1.0,-1.0,-1.0,-1.0,1.0,1.0,1.0,-1.0,-1.0,-1.0,-1.0,1.0,1.0,-1.0,-1.0,-1.0,1.0,-1.0,-1.0,0.5,-1.0,-1.0,-1.0,1.0,1.0,-1.0,1.0,-1.0,-1.0,0.5,0.0,0.0,1.0,0.0,1.0,-0.5,-1.0,-1.0,1
62.0,4.0,-1.0,-1.0,1000.0,-1.0,1.0,1.0,1.0,28.3,-0.5,-1.0,1.0,0.5,-1.0,-1.0,1.0,-1.0,-1.0,1.0,1.0,-1.0,-1.0,-1.0,-1.0,-1.0,-1.0,-1.0,-1.0,-1.0,-1.0,1.0,1.0,1.0,-1.0,0.5,1.0,1.0,-1.0,-1.0,-0.5,-0.75,-1.0,-1.0,1.0,-0.5,1.0,0.0,-1.0,1.0,-1.0,-0.5,-1.0,-1.0,1
58.0,4.0,-1.0,-1.0,1000.0,1.0,-1.0,4.0,1.0,21.71,-0.5,-1.0,1.0,0.5,-1.0,-1.0,-1.0,-1.0,1.0,-1.0,-1.0,1.0,1.0,1.0,1.0,1.0,-1.0,1.0,1.0,-1.0,1.0,-1.0,1.0,1.0,1.0,-1.0,-1.0,1.0,-1.0,-1.0,-1.0,-0.75,-1.0,0.0,-1.0,-0.5,1.0,-1.0,-1.0,1.0,1.0,-0.5,-1.0,-1.0,1
47.0,11.0,1.0,1.0,1500.0,1.0,1.0,2.0,1.0,26.7,-0.5,-1.0,1.0,1.0,-1.0,1.0,1.0,-1.0,-1.0,-1.0,-1.0,-1.0,1.0,-1.0,-1.0,-1.0,-1.0,-1.0,-1.0,-1.0,-1.0,-1.0,1.0,1.0,1.0,1.0,-1.0,1.0,-1.0,-1.0,0.5,-1.0,-1.0,0.0,-1.0,-0.5,1.0,0.0,-1.0,0.0,-0.5,1.0,-1.0,-1.0,1
52.0,8.0,-1.0,-1.0,1700.0,-1.0,-1.0,3.0,1.0,33.87,1.0,1.0,1.0,1.0,-1.0,-1.0,1.0,-1.0,1.0,-1.0,-1.0,1.0,1.0,1.0,-1.0,1.0,1.0,1.0,-1.0,1.0,1.0,1.0,-1.0,1.0,1.0,1.0,-1.0,1.0,-1.0,1.0,-0.5,-0.75,-1.0,0.0,1.0,1.0,1.0,-1.0,1.0,0.0,-0.5,-0.5,-1.0,-1.0,1
