k_max,alfa,lamda,f,obj1_cdor_dist_to_0.1,obj2_wdor,obj3_caer_dist_to_0.1,obj4_waer,obj5_time
8,0.7821589626462723,0.47851442274776057,0.7589167502929633,1.0,1.0,1.0,1.0,1000.0
7,0.17413568937698265,0.7818435297697931,1.3767703708227748,1.0,1.0,1.0,1.0,1000.0
10,0.96492815221565,0.7210903606631632,1.4100160146990397,1.0,1.0,1.0,1.0,1000.0
4,0.3426599267682023,0.23447443309219668,1.2173241433110373,1.0,1.0,1.0,1.0,1000.0
8,0.2692011646457452,1.0,0.7184427269152317,1.0,1.0,1.0,1.0,1000.0
8,0.7440574152713106,1.0,1.1330887599183004,1.0,1.0,1.0,1.0,1000.0
3,0.42224443722548954,0.9024945938386142,0.6463584889123039,1.0,1.0,1.0,1.0,1000.0
5,0.9972625657142997,0.5293087988974453,0.759919889792832,1.0,1.0,1.0,1.0,1000.0
5,0.42224443722548954,0.7802237837415016,1.4100160146990397,1.0,1.0,1.0,1.0,1000.0
4,0.5373349269065314,0.7818435297697931,0.9144179882772473,1.0,1.0,1.0,1.0,1000.0
4,0.5373349269065314,0.7210903606631632,1.3988382879679935,1.0,1.0,1.0,1.0,1000.0
10,0.5373349269065314,0.47851442274776057,1.3298529036589914,1.0,1.0,1.0,1.0,1000.0
2,0.5373349269065314,0.7818435297697931,1.3767703708227748,1.0,1.0,1.0,1.0,1000.0
2,0.5373349269065314,0.2830732171974629,1.2015161675042403,1.0,1.0,1.0,1.0,1000.0
10,0.6288553577578927,0.42269977118044166,1.0962868615831063,1.0,1.0,1.0,1.0,1000.0
7,0.3426599267682023,0.23447443309219668,1.2173241433110373,1.0,1.0,1.0,1.0,1000.0
2,0.9885332809297116,0.2921721958582265,1.2015161675042403,1.0,1.0,1.0,1.0,1000.0
9,0.9885332809297116,0.7217404820858887,0.9579542036471842,1.0,1.0,1.0,1.0,1000.0
5,0.31475433575369816,0.970786225261129,0.6463584889123039,1.0,1.0,1.0,1.0,1000.0
10,0.5748158171508532,0.5385390409621289,0.6463584889123039,1.0,1.0,1.0,1.0,1000.0
10,0.7196860036303375,0.42269977118044166,0.6189102865538557,1.0,1.0,1.0,1.0,1000.0
7,0.19815206133799332,0.42269977118044166,1.2315983062253606,1.0,1.0,1.0,1.0,1000.0
7,0.6312499176875892,0.9027491872785468,1.4159944803568847,1.0,1.0,1.0,1.0,1000.0
5,0.969945730993683,0.5293087988974453,0.759919889792832,1.0,1.0,1.0,1.0,1000.0
2,0.5373349269065314,0.157497678200187,1.2015161675042403,1.0,1.0,1.0,1.0,1000.0
10,0.7196860036303375,0.42269977118044166,1.2315983062253606,1.0,1.0,1.0,1.0,1000.0
10,0.96492815221565,0.2664747472576945,1.3988382879679935,1.0,1.0,1.0,1.0,1000.0
3,0.40232489902611457,0.9027491872785468,0.6463584889123039,1.0,1.0,1.0,1.0,1000.0
7,0.3426599267682023,0.23447443309219668,1.2173241433110373,1.0,1.0,1.0,1.0,1000.0
2,0.6507073763327306,0.8452569505635089,1.024573939112083,1.0,1.0,1.0,1.0,1000.0
4,0.5373349269065314,0.9994783235097974,0.6463584889123039,1.0,1.0,1.0,1.0,1000.0
5,0.5748158171508532,0.4492155117812551,0.7032018524694333,1.0,1.0,1.0,1.0,1000.0
4,0.5373349269065314,0.7568485734341158,1.2673483420763234,1.0,1.0,1.0,1.0,1000.0
6,0.1560516292193907,0.8452569505635089,1.4159944803568847,1.0,1.0,1.0,1.0,1000.0
8,0.7440574152713106,0.157497678200187,0.9144179882772473,1.0,1.0,1.0,1.0,1000.0
3,0.6507073763327306,0.8452569505635089,0.8331351372890984,1.0,1.0,1.0,1.0,1000.0
10,0.6288553577578927,0.42269977118044166,1.0962868615831063,1.0,1.0,1.0,1.0,1000.0
6,0.2692011646457452,1.0,1.2051722542212697,1.0,1.0,1.0,1.0,1000.0
5,0.5748158171508532,0.157497678200187,0.7032018524694333,1.0,1.0,1.0,1.0,1000.0
7,0.7332782915489681,0.2921721958582265,1.4100160146990397,1.0,1.0,1.0,1.0,1000.0
2,0.9885332809297116,0.7217404820858887,1.2015161675042403,1.0,1.0,1.0,1.0,1000.0
3,0.7477342177635588,0.4589411880018419,1.4100160146990397,1.0,1.0,1.0,1.0,1000.0
10,0.9257600104831263,0.43801421169569077,0.6189102865538557,1.0,1.0,1.0,1.0,1000.0
5,0.9445949197614267,0.6164794331102502,1.4100160146990397,1.0,1.0,1.0,1.0,1000.0
7,0.17413568937698265,0.7818435297697931,1.3767703708227748,1.0,1.0,1.0,1.0,1000.0
9,0.3791328123873994,0.9024945938386142,0.7184427269152317,1.0,1.0,1.0,1.0,1000.0
2,0.6507073763327306,0.5793072706796745,0.8331351372890984,1.0,1.0,1.0,1.0,1000.0
7,0.17413568937698265,0.9264108986066186,0.9864442019691668,1.0,1.0,1.0,1.0,1000.0
10,0.4830569487701355,0.2921721958582265,1.2173241433110373,1.0,1.0,1.0,1.0,1000.0
9,0.19815206133799332,0.7217404820858887,0.9579542036471842,1.0,1.0,1.0,1.0,1000.0
4,0.5373349269065314,0.3724035945747214,1.2673483420763234,1.0,1.0,1.0,1.0,1000.0
2,0.5373349269065314,0.13544083637622314,0.6009212411889666,1.0,1.0,1.0,1.0,1000.0
10,0.96492815221565,0.7210903606631632,1.3988382879679935,1.0,1.0,1.0,1.0,1000.0
5,0.5748158171508532,0.6164794331102502,1.4100160146990397,1.0,1.0,1.0,1.0,1000.0
5,0.42224443722548954,0.9024945938386142,1.4100160146990397,1.0,1.0,1.0,1.0,1000.0
3,0.7279273637039699,0.2830732171974629,1.2673483420763234,1.0,1.0,1.0,1.0,1000.0
3,0.40232489902611457,0.6840401390301921,0.8886422428314474,1.0,1.0,1.0,1.0,1000.0
10,0.2491074755848718,0.157497678200187,0.7032018524694333,1.0,1.0,1.0,1.0,1000.0
3,0.40232489902611457,0.19054676819448657,0.6463584889123039,1.0,1.0,1.0,1.0,1000.0
7,0.7332782915489681,0.2921721958582265,1.2173241433110373,1.0,1.0,1.0,1.0,1000.0
4,0.9445949197614267,0.5793072706796745,0.7600562086442931,1.0,1.0,1.0,1.0,1000.0
4,0.5373349269065314,0.9994783235097974,1.1330887599183004,1.0,1.0,1.0,1.0,1000.0
8,0.8343217868802936,0.7802237837415016,1.1183689966753316,1.0,1.0,1.0,1.0,1000.0
9,0.19815206133799332,0.42269977118044166,1.2315983062253606,1.0,1.0,1.0,1.0,1000.0
4,0.5373349269065314,0.2830732171974629,1.2673483420763234,1.0,1.0,1.0,1.0,1000.0
8,0.31475433575369816,0.970786225261129,1.3031794692798702,1.0,1.0,1.0,1.0,1000.0
6,0.7196860036303375,0.42269977118044166,1.2315983062253606,1.0,1.0,1.0,1.0,1000.0
10,0.79972800541459,0.3724035945747214,0.6463584889123039,1.0,1.0,1.0,1.0,1000.0
2,0.9885332809297116,0.7217404820858887,1.2015161675042403,1.0,1.0,1.0,1.0,1000.0
8,0.6648751905054664,0.11966094931395685,1.4138811115397378,1.0,1.0,1.0,1.0,1000.0
7,0.1283909303101924,0.15668584683507963,0.840220315051032,1.0,1.0,1.0,1.0,1000.0
7,0.7440574152713106,0.4492155117812551,1.4170189691149497,1.0,1.0,1.0,1.0,1000.0
7,0.20359841126708272,0.23899612315422913,1.4100160146990397,1.0,1.0,1.0,1.0,1000.0
4,0.9885332809297116,0.5793072706796745,0.9144179882772473,1.0,1.0,1.0,1.0,1000.0
10,0.5458653324200698,0.7210903606631632,1.3988382879679935,1.0,1.0,1.0,1.0,1000.0
10,0.7557946731431527,0.3724035945747214,0.6463584889123039,1.0,1.0,1.0,1.0,1000.0
6,0.13659694630773483,0.7217404820858887,0.9579542036471842,1.0,1.0,1.0,1.0,1000.0
10,0.5373349269065314,0.9264108986066186,1.3298529036589914,1.0,1.0,1.0,1.0,1000.0
8,0.9885332809297116,0.5793072706796745,1.2051722542212697,1.0,1.0,1.0,1.0,1000.0
8,0.7440574152713106,0.4492155117812551,0.9144179882772473,1.0,1.0,1.0,1.0,1000.0
5,0.20701350530627127,0.2664747472576945,1.3736538239003422,1.0,1.0,1.0,1.0,1000.0
7,0.6312499176875892,0.9027491872785468,1.4159944803568847,1.0,1.0,1.0,1.0,1000.0
7,0.9445949197614267,0.9188660596645922,0.9864442019691668,1.0,1.0,1.0,1.0,1000.0
5,0.9885332809297116,0.7217404820858887,0.9360686479532562,1.0,1.0,1.0,1.0,1000.0
8,0.2692011646457452,1.0,1.1330887599183004,1.0,1.0,1.0,1.0,1000.0
7,0.7332782915489681,0.2921721958582265,1.2173241433110373,1.0,1.0,1.0,1.0,1000.0
9,0.18209435844720329,0.5397569239844373,1.0848887019932745,1.0,1.0,1.0,1.0,1000.0
4,0.9885332809297116,0.5793072706796745,0.7600562086442931,1.0,1.0,1.0,1.0,1000.0
10,0.9885332809297116,0.5793072706796745,0.7032018524694333,1.0,1.0,1.0,1.0,1000.0
6,0.9885332809297116,0.7217404820858887,0.9579542036471842,1.0,1.0,1.0,1.0,1000.0
10,0.5458653324200698,0.9253420054838336,1.3988382879679935,1.0,1.0,1.0,1.0,1000.0
4,0.6640678421261805,0.43801421169569077,0.6189102865538557,1.0,1.0,1.0,1.0,1000.0
4,0.3791328123873994,0.7568485734341158,1.3988382879679935,1.0,1.0,1.0,1.0,1000.0
2,0.5748158171508532,0.157497678200187,1.2015161675042403,1.0,1.0,1.0,1.0,1000.0
9,0.5748158171508532,0.5385390409621289,0.6189102865538557,1.0,1.0,1.0,1.0,1000.0
7,0.7196860036303375,0.15668584683507963,0.840220315051032,1.0,1.0,1.0,1.0,1000.0
2,0.3426599267682023,0.23447443309219668,1.2015161675042403,1.0,1.0,1.0,1.0,1000.0
5,0.4830569487701355,0.1913501974367528,0.759919889792832,1.0,1.0,1.0,1.0,1000.0
6,0.9885332809297116,0.5793072706796745,1.3439546856924078,1.0,1.0,1.0,1.0,1000.0
7,0.7196860036303375,0.15668584683507963,1.4170189691149497,1.0,1.0,1.0,1.0,1000.0
4,0.612283487339991,0.8220385550513651,0.5631068218877093,1.0,1.0,1.0,1.0,1000.0
8,0.954747338969342,0.9543051540756426,1.1151860325590366,1.0,1.0,1.0,1.0,1000.0
2,0.4453206696010359,0.21735201558196715,1.1248020841524764,1.0,1.0,1.0,1.0,1000.0
5,0.768831994380248,0.7091636858649769,1.4008129952123802,1.0,1.0,1.0,1.0,1000.0
7,0.3212633162803953,0.4836694408424691,0.8241575383806863,1.0,1.0,1.0,1.0,1000.0
4,0.768831994380248,0.8393951302691629,0.8197840027930057,1.0,1.0,1.0,1.0,1000.0
10,0.5468442903935455,0.1255127288698057,1.3357651039198697,1.0,1.0,1.0,1.0,1000.0
4,0.4094648333117378,0.8941538822198172,0.7552161181522935,1.0,1.0,1.0,1.0,1000.0
10,0.5468442903935455,0.4836694408424691,0.9958122413818506,1.0,1.0,1.0,1.0,1000.0
8,0.954747338969342,0.4798962999652737,1.330035693274327,1.0,1.0,1.0,1.0,1000.0
3,0.8379793424361054,0.3776764842349579,1.3483015744625606,1.0,1.0,1.0,1.0,1000.0
3,0.6938415025759718,0.4836694408424691,0.7269373460268723,1.0,1.0,1.0,1.0,1000.0
5,0.41113037323787727,0.7091636858649769,1.4008129952123802,1.0,1.0,1.0,1.0,1000.0
7,0.954747338969342,0.202771581122809,0.7269373460268723,1.0,1.0,1.0,1.0,1000.0
7,0.768831994380248,0.4798962999652737,1.330035693274327,1.0,1.0,1.0,1.0,1000.0
5,0.1844736280968114,0.2958313052801863,1.0607173210286938,1.0,1.0,1.0,1.0,1000.0
5,0.37303165983962583,0.4836694408424691,1.3824790008318577,1.0,1.0,1.0,1.0,1000.0
5,0.1844736280968114,0.1255127288698057,1.4008129952123802,1.0,1.0,1.0,1.0,1000.0
6,0.1844736280968114,0.2958313052801863,1.4008129952123802,1.0,1.0,1.0,1.0,1000.0
3,0.8379793424361054,0.1255127288698057,0.7269373460268723,1.0,1.0,1.0,1.0,1000.0
8,0.4640093815505094,0.2507232766126317,1.3338048878964948,1.0,1.0,1.0,1.0,1000.0
3,0.8379793424361054,0.25173486733447537,0.8948980098582996,1.0,1.0,1.0,1.0,1000.0
3,0.5458915783827468,0.5856557036048009,1.3602897789205497,1.0,1.0,1.0,1.0,1000.0
2,0.4453206696010359,0.21735201558196715,1.0607173210286938,1.0,1.0,1.0,1.0,1000.0
8,0.36646540577483644,0.8393951302691629,0.8063866203332459,1.0,1.0,1.0,1.0,1000.0
7,0.954747338969342,0.202771581122809,0.8241575383806863,1.0,1.0,1.0,1.0,1000.0
8,0.768831994380248,0.2627055941142735,0.7269373460268723,1.0,1.0,1.0,1.0,1000.0
3,0.5458915783827468,0.5856557036048009,1.3602897789205497,1.0,1.0,1.0,1.0,1000.0
7,0.954747338969342,0.6973820243595826,0.6079312620940999,1.0,1.0,1.0,1.0,1000.0
8,0.954747338969342,0.8941538822198172,0.7269373460268723,1.0,1.0,1.0,1.0,1000.0
3,0.6938415025759718,0.4836694408424691,0.7269373460268723,1.0,1.0,1.0,1.0,1000.0
8,0.954747338969342,0.2507232766126317,1.3338048878964948,1.0,1.0,1.0,1.0,1000.0
2,0.13565819207233404,0.12290127489411473,1.1178068800115557,1.0,1.0,1.0,1.0,1000.0
8,0.954747338969342,0.19853976456492345,1.1248020841524764,1.0,1.0,1.0,1.0,1000.0
5,0.9427965281195136,0.1255127288698057,1.3357651039198697,1.0,1.0,1.0,1.0,1000.0
7,0.5468442903935455,0.4836694408424691,0.7269373460268723,1.0,1.0,1.0,1.0,1000.0
3,0.8379793424361054,0.9721365852646895,1.2258526014465152,1.0,1.0,1.0,1.0,1000.0
8,0.954747338969342,0.8941538822198172,1.3338048878964948,1.0,1.0,1.0,1.0,1000.0
10,0.9427965281195136,0.4798962999652737,0.9849251122277342,1.0,1.0,1.0,1.0,1000.0
6,0.32460330308808055,0.19853976456492345,1.1248020841524764,1.0,1.0,1.0,1.0,1000.0
5,0.4640093815505094,0.12290127489411473,1.0414124727934966,1.0,1.0,1.0,1.0,1000.0
7,0.5011016647081454,0.202771581122809,0.8120049267005705,1.0,1.0,1.0,1.0,1000.0
7,0.768831994380248,0.4836694408424691,0.8241575383806863,1.0,1.0,1.0,1.0,1000.0
3,0.8379793424361054,0.9721365852646895,1.2258526014465152,1.0,1.0,1.0,1.0,1000.0
7,0.41113037323787727,0.19853976456492345,1.1248020841524764,1.0,1.0,1.0,1.0,1000.0
4,0.44350855728229804,0.8393951302691629,0.8197840027930057,1.0,1.0,1.0,1.0,1000.0
4,0.9711129791358002,0.25173486733447537,1.1151860325590366,1.0,1.0,1.0,1.0,1000.0
4,0.5956806385965256,0.5329916356728162,0.7552161181522935,1.0,1.0,1.0,1.0,1000.0
9,0.3008762022220037,0.6833825241061369,0.7944927770994724,1.0,1.0,1.0,1.0,1000.0
7,0.5468442903935455,0.4836694408424691,0.8241575383806863,1.0,1.0,1.0,1.0,1000.0
9,0.3008762022220037,0.6836557762893307,0.9802269730176029,1.0,1.0,1.0,1.0,1000.0
9,0.3008762022220037,0.25173486733447537,0.8948980098582996,1.0,1.0,1.0,1.0,1000.0
7,0.4788268112881683,0.19853976456492345,1.1248020841524764,1.0,1.0,1.0,1.0,1000.0
8,0.5956806385965256,0.2627055941142735,0.7269373460268723,1.0,1.0,1.0,1.0,1000.0
4,0.9711129791358002,0.25173486733447537,0.7269373460268723,1.0,1.0,1.0,1.0,1000.0
5,0.37303165983962583,0.6288225455292035,0.7008530114407594,1.0,1.0,1.0,1.0,1000.0
5,0.1844736280968114,0.2958313052801863,1.4008129952123802,1.0,1.0,1.0,1.0,1000.0
4,0.612283487339991,0.1255127288698057,1.3357651039198697,1.0,1.0,1.0,1.0,1000.0
9,0.1275309847301982,0.12290127489411473,1.1178068800115557,1.0,1.0,1.0,1.0,1000.0
7,0.4094648333117378,0.8941538822198172,0.6087616924454133,1.0,1.0,1.0,1.0,1000.0
5,0.954747338969342,0.1255127288698057,1.3357651039198697,1.0,1.0,1.0,1.0,1000.0
6,0.41113037323787727,0.19853976456492345,1.1248020841524764,1.0,1.0,1.0,1.0,1000.0
2,0.4453206696010359,0.5498199300131215,1.1178068800115557,1.0,1.0,1.0,1.0,1000.0
2,0.6084466504091195,0.21735201558196715,1.0607173210286938,1.0,1.0,1.0,1.0,1000.0
8,0.7178354687611718,0.5952472783725162,1.0659665173422042,1.0,1.0,1.0,1.0,1000.0
3,0.8379793424361054,0.25173486733447537,0.7269373460268723,1.0,1.0,1.0,1.0,1000.0
4,0.3212633162803953,0.8389268570600409,1.1151860325590366,1.0,1.0,1.0,1.0,1000.0
7,0.6315255741586737,0.8393951302691629,0.6732421083716036,1.0,1.0,1.0,1.0,1000.0
3,0.5458915783827468,0.5045419583098644,1.1158517722488732,1.0,1.0,1.0,1.0,1000.0
3,0.6938415025759718,0.4836694408424691,1.2374512500957098,1.0,1.0,1.0,1.0,1000.0
3,0.768831994380248,0.8393951302691629,1.473252257043062,1.0,1.0,1.0,1.0,1000.0
8,0.768831994380248,0.25173486733447537,0.7269373460268723,1.0,1.0,1.0,1.0,1000.0
4,0.46593903352226373,0.4068077177049251,1.1151860325590366,1.0,1.0,1.0,1.0,1000.0
10,0.38304587939278345,0.4940988342855148,0.9958122413818506,1.0,1.0,1.0,1.0,1000.0
8,0.954747338969342,0.19853976456492345,0.8647360471636006,1.0,1.0,1.0,1.0,1000.0
4,0.5956806385965256,0.2627055941142735,0.7552161181522935,1.0,1.0,1.0,1.0,1000.0
4,0.36125588910701756,0.2507232766126317,0.7552161181522935,1.0,1.0,1.0,1.0,1000.0
3,0.5011016647081454,0.555678381848024,0.9266650270275932,1.0,1.0,1.0,1.0,1000.0
10,0.2798554781594288,0.554248420685977,0.7269373460268723,1.0,1.0,1.0,1.0,1000.0
9,0.36646540577483644,0.5498199300131215,1.1178068800115557,1.0,1.0,1.0,1.0,1000.0
3,0.8379793424361054,0.3776764842349579,1.1958328667684435,1.0,1.0,1.0,1.0,1000.0
3,0.8379793424361054,0.3776764842349579,1.3483015744625606,1.0,1.0,1.0,1.0,1000.0
2,0.13565819207233404,0.10945553636680506,1.3483015744625606,1.0,1.0,1.0,1.0,1000.0
7,0.5468442903935455,0.202771581122809,0.8241575383806863,1.0,1.0,1.0,1.0,1000.0
10,0.9338559614072794,0.4798962999652737,1.330035693274327,1.0,1.0,1.0,1.0,1000.0
8,0.1689864733346057,0.12290127489411473,1.0414124727934966,1.0,1.0,1.0,1.0,1000.0
7,0.1693962876375245,0.9543051540756426,0.6732421083716036,1.0,1.0,1.0,1.0,1000.0
6,0.7178354687611718,0.9721365852646895,1.1113917498214947,1.0,1.0,1.0,1.0,1000.0
8,0.7178354687611718,0.5952472783725162,1.0659665173422042,1.0,1.0,1.0,1.0,1000.0
7,0.4094648333117378,0.8941538822198172,1.3338048878964948,1.0,1.0,1.0,1.0,1000.0
8,0.954747338969342,0.9543051540756426,0.6732421083716036,1.0,1.0,1.0,1.0,1000.0
6,0.4284026235468038,0.19853976456492345,1.1248020841524764,1.0,1.0,1.0,1.0,1000.0
8,0.36646540577483644,0.5498199300131215,0.8063866203332459,1.0,1.0,1.0,1.0,1000.0
7,0.47298206695519485,0.19085286028536314,1.1113917498214947,1.0,1.0,1.0,1.0,1000.0
5,0.34120894955996095,0.1255127288698057,1.3357651039198697,1.0,1.0,1.0,1.0,1000.0
10,0.4094648333117378,0.8941538822198172,1.3338048878964948,1.0,1.0,1.0,1.0,1000.0
4,0.4453206696010359,0.8393951302691629,0.8197840027930057,1.0,1.0,1.0,1.0,1000.0
4,0.6315255741586737,0.8393951302691629,0.8197840027930057,1.0,1.0,1.0,1.0,1000.0
8,0.7178354687611718,0.9721365852646895,1.2258526014465152,1.0,1.0,1.0,1.0,1000.0
6,0.3212633162803953,0.8389268570600409,1.1235275775481481,1.0,1.0,1.0,1.0,1000.0
2,0.18242630866456622,0.4249517265852465,0.6690836156604437,1.0,1.0,1.0,1.0,1000.0
10,0.76096152270458,0.9159342849078048,1.262885483833071,1.0,1.0,1.0,1.0,1000.0
7,0.33318678092698495,0.9630999596902164,0.6275364646187879,1.0,1.0,1.0,1.0,1000.0
5,0.3092264566010291,0.6160963606538774,0.7507807618411572,1.0,1.0,1.0,1.0,1000.0
2,0.8045341639809603,0.9359925990742302,1.0813410072119911,1.0,1.0,1.0,1.0,1000.0
2,0.18242630866456622,0.8872867372131706,0.9448541887258536,1.0,1.0,1.0,1.0,1000.0
7,0.21566350442560903,0.15434633851517643,0.8596914037964013,1.0,1.0,1.0,1.0,1000.0
8,0.5382295583436074,0.6160963606538774,0.6447650228936911,1.0,1.0,1.0,1.0,1000.0
9,0.4240960893465554,0.2731232151701415,0.8442010055367947,1.0,1.0,1.0,1.0,1000.0
6,0.32642496783546915,0.38793823448340264,0.5357344417363704,1.0,1.0,1.0,1.0,1000.0
10,0.9544559257839192,0.5566210239102912,0.9448541887258536,1.0,1.0,1.0,1.0,1000.0
8,0.6955170400035815,0.5092199080417344,1.4031766538397383,1.0,1.0,1.0,1.0,1000.0
7,0.503039675277236,0.8872867372131706,0.9457689610211897,1.0,1.0,1.0,1.0,1000.0
3,0.8058518665906785,0.5566210239102912,1.3384014301154696,1.0,1.0,1.0,1.0,1000.0
7,0.76096152270458,0.5591500241994967,0.5238580791407822,1.0,1.0,1.0,1.0,1000.0
4,0.6109345633782198,0.5566210239102912,1.2237729538720183,1.0,1.0,1.0,1.0,1000.0
7,0.9169750991613672,0.5591500241994967,0.8596914037964013,1.0,1.0,1.0,1.0,1000.0
5,0.2562298783885512,0.5591500241994967,0.8596914037964013,1.0,1.0,1.0,1.0,1000.0
2,0.8045341639809603,0.4438914690856269,1.4835210735533186,1.0,1.0,1.0,1.0,1000.0
8,0.2331746504829319,0.5591500241994967,1.0303557161234451,1.0,1.0,1.0,1.0,1000.0
5,0.6617476456793041,0.8201867100709567,1.3744432699660298,1.0,1.0,1.0,1.0,1000.0
5,0.3774470636036217,0.15434633851517643,0.6120702635945241,1.0,1.0,1.0,1.0,1000.0
4,0.6273105223105907,0.836067928509235,1.303669443152935,1.0,1.0,1.0,1.0,1000.0
2,0.18242630866456622,0.18979577807949188,0.9448541887258536,1.0,1.0,1.0,1.0,1000.0
7,0.21566350442560903,0.5591500241994967,0.8596914037964013,1.0,1.0,1.0,1.0,1000.0
7,0.76096152270458,0.38793823448340264,0.8596914037964013,1.0,1.0,1.0,1.0,1000.0
7,0.6955170400035815,0.5092199080417344,1.4031766538397383,1.0,1.0,1.0,1.0,1000.0
8,0.2331746504829319,0.5591500241994967,1.0303557161234451,1.0,1.0,1.0,1.0,1000.0
7,0.76096152270458,0.5591500241994967,0.8596914037964013,1.0,1.0,1.0,1.0,1000.0
8,0.7436358084137081,0.38793823448340264,1.0303557161234451,1.0,1.0,1.0,1.0,1000.0
2,0.4357875520744998,0.2150084207357387,1.4835210735533186,1.0,1.0,1.0,1.0,1000.0
5,0.2362780978808964,0.6276046993002327,0.5238580791407822,1.0,1.0,1.0,1.0,1000.0
5,0.5382295583436074,0.39516473136429864,1.3744432699660298,1.0,1.0,1.0,1.0,1000.0
5,0.6059698333291186,0.5002277096077271,1.3384014301154696,1.0,1.0,1.0,1.0,1000.0
10,0.7070317276112831,0.5566210239102912,1.3384014301154696,1.0,1.0,1.0,1.0,1000.0
2,0.18242630866456622,0.4249517265852465,1.3979678728950105,1.0,1.0,1.0,1.0,1000.0
7,0.18242630866456622,0.8730701376923237,0.9457689610211897,1.0,1.0,1.0,1.0,1000.0
4,0.5707822697039386,0.9159342849078048,1.0894582423803283,1.0,1.0,1.0,1.0,1000.0
10,0.6273105223105907,0.836067928509235,0.9448541887258536,1.0,1.0,1.0,1.0,1000.0
5,0.2833797562366667,0.6276046993002327,0.8442010055367947,1.0,1.0,1.0,1.0,1000.0
4,0.6109345633782198,0.9282973952727359,1.2237729538720183,1.0,1.0,1.0,1.0,1000.0
2,0.6617476456793041,0.9359925990742302,1.0813410072119911,1.0,1.0,1.0,1.0,1000.0
10,0.7070317276112831,0.18979577807949188,0.9448541887258536,1.0,1.0,1.0,1.0,1000.0
7,0.33318678092698495,0.8872867372131706,0.6275364646187879,1.0,1.0,1.0,1.0,1000.0
10,0.7893729429292703,0.13264209481907263,1.1158082156475237,1.0,1.0,1.0,1.0,1000.0
2,0.8308543637862884,0.1539916967571298,1.435965293326365,1.0,1.0,1.0,1.0,1000.0
8,0.7436358084137081,0.5002277096077271,1.0303557161234451,1.0,1.0,1.0,1.0,1000.0
5,0.3774470636036217,0.15434633851517643,1.3979678728950105,1.0,1.0,1.0,1.0,1000.0
4,0.45098573665364905,0.4903604819106986,0.9820562247461908,1.0,1.0,1.0,1.0,1000.0
5,0.2331746504829319,0.5591500241994967,0.8596914037964013,1.0,1.0,1.0,1.0,1000.0
3,0.8058518665906785,0.48124987261452157,0.5084218226943434,1.0,1.0,1.0,1.0,1000.0
8,0.5382295583436074,0.39516473136429864,1.3744432699660298,1.0,1.0,1.0,1.0,1000.0
10,0.2874222040220179,0.18979577807949188,0.9448541887258536,1.0,1.0,1.0,1.0,1000.0
4,0.604459324923849,0.38793823448340264,0.5238580791407822,1.0,1.0,1.0,1.0,1000.0
4,0.13194947053698816,0.5002277096077271,0.7507807618411572,1.0,1.0,1.0,1.0,1000.0
5,0.174612859664118,0.4903604819106986,1.0115013422170476,1.0,1.0,1.0,1.0,1000.0
7,0.18242630866456622,0.4249517265852465,1.0153922053540088,1.0,1.0,1.0,1.0,1000.0
7,0.9973617372684512,0.1955412309831604,1.0744149584539975,1.0,1.0,1.0,1.0,1000.0
7,0.18242630866456622,0.4249517265852465,0.9197555456557469,1.0,1.0,1.0,1.0,1000.0
10,0.6617476456793041,0.836067928509235,0.6120702635945241,1.0,1.0,1.0,1.0,1000.0
7,0.3774470636036217,0.4903604819106986,0.5238580791407822,1.0,1.0,1.0,1.0,1000.0
7,0.8045341639809603,0.4438914690856269,0.8640144278473694,1.0,1.0,1.0,1.0,1000.0
5,0.3787534637896717,0.8524050162151546,0.7967636689146743,1.0,1.0,1.0,1.0,1000.0
10,0.7893729429292703,0.5566210239102912,1.1158082156475237,1.0,1.0,1.0,1.0,1000.0
2,0.8308543637862884,0.1539916967571298,1.3979678728950105,1.0,1.0,1.0,1.0,1000.0
7,0.8045341639809603,0.29099692960174056,0.8640144278473694,1.0,1.0,1.0,1.0,1000.0
9,0.4240960893465554,0.2731232151701415,1.0715527413293309,1.0,1.0,1.0,1.0,1000.0
2,0.7443322086103406,0.2256987801061753,0.8449390932548236,1.0,1.0,1.0,1.0,1000.0
8,0.3787534637896717,0.8524050162151546,0.7967636689146743,1.0,1.0,1.0,1.0,1000.0
7,0.49496125322042017,0.5002277096077271,0.5194828846991784,1.0,1.0,1.0,1.0,1000.0
10,0.9544559257839192,0.13264209481907263,0.9448541887258536,1.0,1.0,1.0,1.0,1000.0
3,0.6273105223105907,0.836067928509235,0.6120702635945241,1.0,1.0,1.0,1.0,1000.0
2,0.76096152270458,0.9159342849078048,1.262885483833071,1.0,1.0,1.0,1.0,1000.0
2,0.7893729429292703,0.9630999596902164,1.17056129170046,1.0,1.0,1.0,1.0,1000.0
10,0.6617476456793041,0.5566210239102912,1.1158082156475237,1.0,1.0,1.0,1.0,1000.0
10,0.7893729429292703,0.886912305778113,1.402020158350037,1.0,1.0,1.0,1.0,1000.0
7,0.8045341639809603,0.5233370371124949,0.8640144278473694,1.0,1.0,1.0,1.0,1000.0
5,0.6059698333291186,0.5566210239102912,1.3384014301154696,1.0,1.0,1.0,1.0,1000.0
5,0.6617476456793041,0.8201867100709567,1.3744432699660298,1.0,1.0,1.0,1.0,1000.0
2,0.4357875520744998,0.2150084207357387,1.4835210735533186,1.0,1.0,1.0,1.0,1000.0
7,0.6929967716308676,0.5907377401877264,1.306304428106308,1.0,1.0,1.0,1.0,1000.0
9,0.4240960893465554,0.2731232151701415,1.0715527413293309,1.0,1.0,1.0,1.0,1000.0
9,0.7161045602017285,0.3508634185312014,0.8832513532177918,1.0,1.0,1.0,1.0,1000.0
5,0.3092264566010291,0.6160963606538774,0.7507807618411572,1.0,1.0,1.0,1.0,1000.0
5,0.3092264566010291,0.9630999596902164,0.6120702635945241,1.0,1.0,1.0,1.0,1000.0
2,0.729526428894364,0.9630999596902164,0.6120702635945241,1.0,1.0,1.0,1.0,1000.0
3,0.8058518665906785,0.4073130298655805,0.7316996433466908,1.0,1.0,1.0,1.0,1000.0
7,0.3774470636036217,0.31251106640355586,0.5238580791407822,1.0,1.0,1.0,1.0,1000.0
6,0.10763587095656493,0.7108263216239078,1.2506777942540106,1.0,1.0,1.0,1.0,1000.0
7,0.49496125322042017,0.5002277096077271,0.7507807618411572,1.0,1.0,1.0,1.0,1000.0
5,0.949222865645018,0.15434633851517643,1.376677204325136,1.0,1.0,1.0,1.0,1000.0
5,0.2331746504829319,0.6369001003612935,1.0485610993776755,1.0,1.0,1.0,1.0,1000.0
7,0.8045341639809603,0.6160963606538774,0.8640144278473694,1.0,1.0,1.0,1.0,1000.0
3,0.2874222040220179,0.18979577807949188,0.6817600783004253,1.0,1.0,1.0,1.0,1000.0
5,0.2362780978808964,0.6276046993002327,0.8442010055367947,1.0,1.0,1.0,1.0,1000.0
7,0.21566350442560903,0.5591500241994967,0.8596914037964013,1.0,1.0,1.0,1.0,1000.0
2,0.729526428894364,0.9359925990742302,1.0813410072119911,1.0,1.0,1.0,1.0,1000.0
2,0.503039675277236,0.8872867372131706,0.9820562247461908,1.0,1.0,1.0,1.0,1000.0
4,0.45098573665364905,0.7108263216239078,0.9820562247461908,1.0,1.0,1.0,1.0,1000.0
10,0.6109345633782198,0.9282973952727359,1.2237729538720183,1.0,1.0,1.0,1.0,1000.0
5,0.633376819564449,0.21738051647662848,1.4159448117309812,1.0,1.0,1.0,1.0,1000.0
3,0.4060987005122286,0.852584510703599,1.07483528691222,1.0,1.0,1.0,1.0,1000.0
9,0.9772232780583946,0.327227359822328,1.07483528691222,1.0,1.0,1.0,1.0,1000.0
9,0.7227327246792422,0.8919804264634432,1.4869136550287956,1.0,1.0,1.0,1.0,1000.0
8,0.1477582896886626,0.6707614680768186,1.1438887183877269,1.0,1.0,1.0,1.0,1000.0
9,0.4645581533828026,0.9755950089287692,1.3316079302733543,1.0,1.0,1.0,1.0,1000.0
9,0.42417693110401544,0.8690040412653038,1.404201770847775,1.0,1.0,1.0,1.0,1000.0
9,0.60298434984047,0.7906766839867353,1.3316079302733543,1.0,1.0,1.0,1.0,1000.0
5,0.633376819564449,0.29001248530803847,1.07483528691222,1.0,1.0,1.0,1.0,1000.0
3,0.14056912907682384,0.823426903355422,1.07483528691222,1.0,1.0,1.0,1.0,1000.0
3,0.60298434984047,0.7906766839867353,1.3316079302733543,1.0,1.0,1.0,1.0,1000.0
7,0.6631482736972486,0.7906766839867353,1.2581071285095362,1.0,1.0,1.0,1.0,1000.0
4,0.8909799943042375,0.1877088787577895,1.07483528691222,1.0,1.0,1.0,1.0,1000.0
4,0.7287542832983567,0.4781489789059712,1.0417659424595236,1.0,1.0,1.0,1.0,1000.0
2,0.6352745640795046,0.9281409575859569,0.8876085856119504,1.0,1.0,1.0,1.0,1000.0
9,0.3087298048390045,0.23646013871759752,0.8876085856119504,1.0,1.0,1.0,1.0,1000.0
9,0.6631482736972486,0.3260100503651232,0.8876085856119504,1.0,1.0,1.0,1.0,1000.0
7,0.525958235408261,0.8210448186032131,1.35394248842268,1.0,1.0,1.0,1.0,1000.0
2,0.9669750223476317,0.4498061831286666,0.7180197304852177,1.0,1.0,1.0,1.0,1000.0
2,0.17195350455521946,0.4498061831286666,0.7180197304852177,1.0,1.0,1.0,1.0,1000.0
9,0.42417693110401544,0.7906766839867353,0.8971345770289609,1.0,1.0,1.0,1.0,1000.0
7,0.9772232780583946,0.852584510703599,1.07483528691222,1.0,1.0,1.0,1.0,1000.0
6,0.5957662969292311,0.8210448186032131,1.35394248842268,1.0,1.0,1.0,1.0,1000.0
3,0.42417693110401544,0.4498061831286666,1.3617073623671325,1.0,1.0,1.0,1.0,1000.0
9,0.7424353181567793,0.29001248530803847,1.3316079302733543,1.0,1.0,1.0,1.0,1000.0
9,0.3087298048390045,0.9755950089287692,1.3316079302733543,1.0,1.0,1.0,1.0,1000.0
6,0.525958235408261,0.8210448186032131,1.35394248842268,1.0,1.0,1.0,1.0,1000.0
3,0.13977105501658904,0.6530792756786278,0.5449402434960362,1.0,1.0,1.0,1.0,1000.0
8,0.1477582896886626,0.9132483536203079,1.1438887183877269,1.0,1.0,1.0,1.0,1000.0
7,0.6631482736972486,0.22449344327296067,1.3617073623671325,1.0,1.0,1.0,1.0,1000.0
3,0.7424353181567793,0.9755950089287692,1.3316079302733543,1.0,1.0,1.0,1.0,1000.0
9,0.6631482736972486,0.2667214407131343,0.8876085856119504,1.0,1.0,1.0,1.0,1000.0
9,0.4060987005122286,0.6302828317058271,1.0790764190210558,1.0,1.0,1.0,1.0,1000.0
7,0.7287542832983567,0.7906766839867353,1.2581071285095362,1.0,1.0,1.0,1.0,1000.0
7,0.60298434984047,0.7906766839867353,1.2581071285095362,1.0,1.0,1.0,1.0,1000.0
9,0.6631482736972486,0.9033706737039668,0.8876085856119504,1.0,1.0,1.0,1.0,1000.0
5,0.4554670636006696,0.8208178938867055,1.4159448117309812,1.0,1.0,1.0,1.0,1000.0
5,0.7424353181567793,0.29001248530803847,1.2789725856978318,1.0,1.0,1.0,1.0,1000.0
3,0.7424353181567793,0.327227359822328,1.3316079302733543,1.0,1.0,1.0,1.0,1000.0
7,0.9542341604857019,0.6646998572836551,1.07483528691222,1.0,1.0,1.0,1.0,1000.0
9,0.9069104484856437,0.29001248530803847,1.07483528691222,1.0,1.0,1.0,1.0,1000.0
7,0.43886490653617793,0.47368930942349385,1.0799652137970654,1.0,1.0,1.0,1.0,1000.0
9,0.3334186128952069,0.29001248530803847,1.07483528691222,1.0,1.0,1.0,1.0,1000.0
9,0.7424353181567793,0.9755950089287692,1.3316079302733543,1.0,1.0,1.0,1.0,1000.0
3,0.14056912907682384,0.9132483536203079,1.361664716459667,1.0,1.0,1.0,1.0,1000.0
8,0.3334186128952069,0.27764637078557747,1.4956448355104628,1.0,1.0,1.0,1.0,1000.0
9,0.5182487160840545,0.6707614680768186,1.07483528691222,1.0,1.0,1.0,1.0,1000.0
9,0.4060987005122286,0.7074346575899795,1.0790764190210558,1.0,1.0,1.0,1.0,1000.0
9,0.3334186128952069,0.823426903355422,1.07483528691222,1.0,1.0,1.0,1.0,1000.0
9,0.9772232780583946,0.852584510703599,1.07483528691222,1.0,1.0,1.0,1.0,1000.0
6,0.42417693110401544,0.7906766839867353,1.0740227352895624,1.0,1.0,1.0,1.0,1000.0
3,0.42417693110401544,0.7906766839867353,1.011325743265501,1.0,1.0,1.0,1.0,1000.0
4,0.17195350455521946,0.4498061831286666,0.7180197304852177,1.0,1.0,1.0,1.0,1000.0
5,0.42417693110401544,0.22449344327296067,1.3617073623671325,1.0,1.0,1.0,1.0,1000.0
2,0.8707605097570801,0.9918906803819336,1.2942344048210355,1.0,1.0,1.0,1.0,1000.0
5,0.9069104484856437,0.6845850924272817,0.6332684163755216,1.0,1.0,1.0,1.0,1000.0
2,0.43886490653617793,0.29001248530803847,1.3316079302733543,1.0,1.0,1.0,1.0,1000.0
8,0.5143686695613143,0.9132483536203079,1.1438887183877269,1.0,1.0,1.0,1.0,1000.0
7,0.42417693110401544,0.4791451525892958,1.018397620274588,1.0,1.0,1.0,1.0,1000.0
9,0.3435398929009218,0.8083062440814628,1.4869136550287956,1.0,1.0,1.0,1.0,1000.0
3,0.42417693110401544,0.7074346575899795,1.3316079302733543,1.0,1.0,1.0,1.0,1000.0
3,0.42417693110401544,0.29001248530803847,1.3316079302733543,1.0,1.0,1.0,1.0,1000.0
9,0.5387512085269874,0.15523131278647084,0.7208031728665059,1.0,1.0,1.0,1.0,1000.0
2,0.9669750223476317,0.3260100503651232,0.9563121296363792,1.0,1.0,1.0,1.0,1000.0
8,0.42417693110401544,0.29001248530803847,1.3316079302733543,1.0,1.0,1.0,1.0,1000.0
9,0.3334186128952069,0.27764637078557747,1.07483528691222,1.0,1.0,1.0,1.0,1000.0
9,0.9772232780583946,0.852584510703599,1.07483528691222,1.0,1.0,1.0,1.0,1000.0
6,0.4790336613097689,0.8501294079965326,1.3677790339277225,1.0,1.0,1.0,1.0,1000.0
4,0.7102572507538711,0.823426903355422,0.7386951768978419,1.0,1.0,1.0,1.0,1000.0
7,0.60298434984047,0.2667214407131343,1.2581071285095362,1.0,1.0,1.0,1.0,1000.0
9,0.6553584212150624,0.9033706737039668,0.8876085856119504,1.0,1.0,1.0,1.0,1000.0
3,0.7424353181567793,0.9755950089287692,1.3316079302733543,1.0,1.0,1.0,1.0,1000.0
6,0.24057909191220825,0.43944430719602523,1.2722734124441208,1.0,1.0,1.0,1.0,1000.0
9,0.9542341604857019,0.7074346575899795,0.9104618273459089,1.0,1.0,1.0,1.0,1000.0
10,0.525958235408261,0.8210448186032131,1.1229265100250914,1.0,1.0,1.0,1.0,1000.0
2,0.43886490653617793,0.6845850924272817,0.6332684163755216,1.0,1.0,1.0,1.0,1000.0
3,0.14056912907682384,0.327227359822328,1.361664716459667,1.0,1.0,1.0,1.0,1000.0
9,0.6305326761060969,0.8919804264634432,1.4869136550287956,1.0,1.0,1.0,1.0,1000.0
7,0.9542341604857019,0.852584510703599,1.07483528691222,1.0,1.0,1.0,1.0,1000.0
5,0.5196253867270371,0.852584510703599,1.07483528691222,1.0,1.0,1.0,1.0,1000.0
6,0.37036357602903036,0.34308168758192825,1.0899020438759104,1.0,1.0,1.0,1.0,1000.0
7,0.31237325144464984,0.4498061831286666,1.2909168963905508,1.0,1.0,1.0,1.0,1000.0
6,0.9295898601462688,0.15711451943070642,1.3234987625535808,1.0,1.0,1.0,1.0,1000.0
4,0.4645581533828026,0.6845850924272817,0.5970223926144964,1.0,1.0,1.0,1.0,1000.0
9,0.3334186128952069,0.27764637078557747,1.4956448355104628,1.0,1.0,1.0,1.0,1000.0
9,0.4060987005122286,0.7906766839867353,1.0790764190210558,1.0,1.0,1.0,1.0,1000.0
5,0.4554670636006696,0.8208178938867055,0.9446210560507606,1.0,1.0,1.0,1.0,1000.0
3,0.42417693110401544,0.29001248530803847,1.3316079302733543,1.0,1.0,1.0,1.0,1000.0
9,0.9772232780583946,0.8690040412653038,1.404201770847775,1.0,1.0,1.0,1.0,1000.0
2,0.42417693110401544,0.22449344327296067,0.5018086497263792,1.0,1.0,1.0,1.0,1000.0
6,0.9772232780583946,0.327227359822328,1.0196720244212747,1.0,1.0,1.0,1.0,1000.0
3,0.4060987005122286,0.7906766839867353,1.011325743265501,1.0,1.0,1.0,1.0,1000.0
5,0.9069104484856437,0.6845850924272817,1.0769534040194515,1.0,1.0,1.0,1.0,1000.0
3,0.42417693110401544,0.22449344327296067,1.3617073623671325,1.0,1.0,1.0,1.0,1000.0
7,0.5196253867270371,0.594668050324305,0.8971345770289609,1.0,1.0,1.0,1.0,1000.0
4,0.7287542832983567,0.4477602007079726,1.0417659424595236,1.0,1.0,1.0,1.0,1000.0
6,0.40721739167619564,0.327227359822328,1.0196720244212747,1.0,1.0,1.0,1.0,1000.0
8,0.1477582896886626,0.6646998572836551,1.3617073623671325,1.0,1.0,1.0,1.0,1000.0
8,0.6305326761060969,0.4791451525892958,1.018397620274588,1.0,1.0,1.0,1.0,1000.0
2,0.9669750223476317,0.3260100503651232,0.5717751409954545,1.0,1.0,1.0,1.0,1000.0
5,0.37296872729695907,0.7490952145788998,0.9788783949238976,1.0,1.0,1.0,1.0,1000.0
4,0.9664796956692407,0.27227368432786536,0.6589046592362763,1.0,1.0,1.0,1.0,1000.0
10,0.6826920911697325,0.4850532378848077,0.7766826434414502,1.0,1.0,1.0,1.0,1000.0
7,0.9795695321176093,0.941122676877571,0.8513751084449047,1.0,1.0,1.0,1.0,1000.0
6,0.2641613343786591,0.4704079995253756,0.616824352532782,1.0,1.0,1.0,1.0,1000.0
2,0.42699235260723134,0.5763174277813484,1.2983535817663587,1.0,1.0,1.0,1.0,1000.0
5,0.6826920911697325,0.23761866463508816,0.9393267704676735,1.0,1.0,1.0,1.0,1000.0
4,0.9664796956692407,0.6600872274185196,0.6589046592362763,1.0,1.0,1.0,1.0,1000.0
6,0.5916070397317473,0.6243985654723107,0.5593395237789243,1.0,1.0,1.0,1.0,1000.0
8,0.5916070397317473,0.6243985654723107,0.8214329555454591,1.0,1.0,1.0,1.0,1000.0
7,0.5357725877823983,0.3208970611546872,0.6589046592362763,1.0,1.0,1.0,1.0,1000.0
2,0.42699235260723134,0.8259871120320911,1.3959277791118225,1.0,1.0,1.0,1.0,1000.0
10,0.8460280439005775,0.8259871120320911,0.7766826434414502,1.0,1.0,1.0,1.0,1000.0
7,0.15979462244745482,0.9221786371052529,0.7919416693774372,1.0,1.0,1.0,1.0,1000.0
6,0.2997353581212859,0.25914772934762714,0.805111596432739,1.0,1.0,1.0,1.0,1000.0
4,0.8460280439005775,0.8259871120320911,1.3004478385429663,1.0,1.0,1.0,1.0,1000.0
6,0.2997353581212859,0.5830120073573322,0.805111596432739,1.0,1.0,1.0,1.0,1000.0
5,0.6826920911697325,0.23761866463508816,0.5181875252933075,1.0,1.0,1.0,1.0,1000.0
6,0.9664796956692407,0.6389286999824065,1.1519226015391029,1.0,1.0,1.0,1.0,1000.0
10,0.8333435541241634,0.5752215034791395,0.7766826434414502,1.0,1.0,1.0,1.0,1000.0
7,0.7074700210895166,0.36067662286965574,0.9963904401241285,1.0,1.0,1.0,1.0,1000.0
10,0.8564164114759949,0.10649020089196602,0.7766826434414502,1.0,1.0,1.0,1.0,1000.0
6,0.42699235260723134,0.23761866463508816,1.1519226015391029,1.0,1.0,1.0,1.0,1000.0
4,0.2641613343786591,0.27227368432786536,1.367321653156688,1.0,1.0,1.0,1.0,1000.0
9,0.38950850791786673,0.963880832451656,1.1519226015391029,1.0,1.0,1.0,1.0,1000.0
10,0.6826920911697325,0.16102107568362586,0.6680346963063973,1.0,1.0,1.0,1.0,1000.0
7,0.17804642737142967,0.6452666953478918,1.0653442004088758,1.0,1.0,1.0,1.0,1000.0
10,0.9664796956692407,0.6389286999824065,0.6589046592362763,1.0,1.0,1.0,1.0,1000.0
9,0.38950850791786673,0.8868584368120026,1.4858959739065667,1.0,1.0,1.0,1.0,1000.0
6,0.38950850791786673,0.25914772934762714,0.805111596432739,1.0,1.0,1.0,1.0,1000.0
6,0.4879387155639764,0.25914772934762714,0.805111596432739,1.0,1.0,1.0,1.0,1000.0
4,0.9664796956692407,0.6389286999824065,0.6589046592362763,1.0,1.0,1.0,1.0,1000.0
7,0.9974667359985471,0.7275626933153666,1.0653442004088758,1.0,1.0,1.0,1.0,1000.0
7,0.12441004516843039,0.9025100743279326,1.1933349024790243,1.0,1.0,1.0,1.0,1000.0
10,0.6826920911697325,0.8448053283040315,0.616824352532782,1.0,1.0,1.0,1.0,1000.0
3,0.15986358611163093,0.4614319130365674,1.2469426809904625,1.0,1.0,1.0,1.0,1000.0
5,0.15979462244745482,0.9221786371052529,1.3004478385429663,1.0,1.0,1.0,1.0,1000.0
2,0.46956023978251804,0.6243985654723107,0.8214329555454591,1.0,1.0,1.0,1.0,1000.0
2,0.1461463526034574,0.9352298578848319,0.7109212944651223,1.0,1.0,1.0,1.0,1000.0
5,0.1284853215003413,0.5164027680733476,1.1547321885928308,1.0,1.0,1.0,1.0,1000.0
2,0.5916070397317473,0.27227368432786536,0.8214329555454591,1.0,1.0,1.0,1.0,1000.0
4,0.2100459318709776,0.5763174277813484,1.2983535817663587,1.0,1.0,1.0,1.0,1000.0
4,0.5916070397317473,0.6243985654723107,0.8214329555454591,1.0,1.0,1.0,1.0,1000.0
5,0.5916070397317473,0.6243985654723107,0.5593395237789243,1.0,1.0,1.0,1.0,1000.0
2,0.42699235260723134,0.7275626933153666,1.3959277791118225,1.0,1.0,1.0,1.0,1000.0
10,0.9795695321176093,0.941122676877571,0.8513751084449047,1.0,1.0,1.0,1.0,1000.0
7,0.8333435541241634,0.5752215034791395,1.1547321885928308,1.0,1.0,1.0,1.0,1000.0
5,0.9655964357038952,0.701516694367914,1.318429186133668,1.0,1.0,1.0,1.0,1000.0
5,0.1284853215003413,0.5164027680733476,1.497471982839951,1.0,1.0,1.0,1.0,1000.0
10,0.5357725877823983,0.3208970611546872,0.6589046592362763,1.0,1.0,1.0,1.0,1000.0
10,0.6826920911697325,0.5181186438522141,0.6589046592362763,1.0,1.0,1.0,1.0,1000.0
7,0.9974667359985471,0.5126815656122596,1.0653442004088758,1.0,1.0,1.0,1.0,1000.0
8,0.5916070397317473,0.6243985654723107,0.8214329555454591,1.0,1.0,1.0,1.0,1000.0
6,0.4046775529572365,0.452963672285163,0.616824352532782,1.0,1.0,1.0,1.0,1000.0
10,0.6826920911697325,0.27227368432786536,0.6589046592362763,1.0,1.0,1.0,1.0,1000.0
6,0.3062880835682372,0.24518854550944763,1.3959277791118225,1.0,1.0,1.0,1.0,1000.0
2,0.42699235260723134,0.5093068000123675,0.9721832703537833,1.0,1.0,1.0,1.0,1000.0
2,0.2100459318709776,0.5763174277813484,1.2983535817663587,1.0,1.0,1.0,1.0,1000.0
4,0.7950840339684485,0.5846459883161054,0.6589046592362763,1.0,1.0,1.0,1.0,1000.0
5,0.7613901608265332,0.13318226633336652,0.9393267704676735,1.0,1.0,1.0,1.0,1000.0
4,0.9664796956692407,0.6876707120878705,0.9721832703537833,1.0,1.0,1.0,1.0,1000.0
5,0.38950850791786673,0.36067662286965574,1.367321653156688,1.0,1.0,1.0,1.0,1000.0
10,0.9664796956692407,0.941122676877571,0.7909242544995155,1.0,1.0,1.0,1.0,1000.0
7,0.5357725877823983,0.3208970611546872,1.3475701011229382,1.0,1.0,1.0,1.0,1000.0
10,0.6826920911697325,0.27227368432786536,0.8214329555454591,1.0,1.0,1.0,1.0,1000.0
5,0.1284853215003413,0.13318226633336652,0.9393267704676735,1.0,1.0,1.0,1.0,1000.0
6,0.7613901608265332,0.23761866463508816,0.5181875252933075,1.0,1.0,1.0,1.0,1000.0
6,0.46956023978251804,0.5308099171535522,0.618172487604237,1.0,1.0,1.0,1.0,1000.0
4,0.34867435146371484,0.42024767914661687,0.9721832703537833,1.0,1.0,1.0,1.0,1000.0
6,0.3239861865342494,0.8448053283040315,0.5851410102834403,1.0,1.0,1.0,1.0,1000.0
4,0.9664796956692407,0.5181186438522141,0.9721832703537833,1.0,1.0,1.0,1.0,1000.0
6,0.2506392712477047,0.8868584368120026,1.4858959739065667,1.0,1.0,1.0,1.0,1000.0
10,0.9664796956692407,0.6876707120878705,1.3708981110964547,1.0,1.0,1.0,1.0,1000.0
4,0.9664796956692407,0.5181186438522141,0.9721832703537833,1.0,1.0,1.0,1.0,1000.0
6,0.38950850791786673,0.23761866463508816,1.1519226015391029,1.0,1.0,1.0,1.0,1000.0
2,0.38950850791786673,0.23761866463508816,1.3004478385429663,1.0,1.0,1.0,1.0,1000.0
2,0.21992927260741565,0.8259871120320911,1.3004478385429663,1.0,1.0,1.0,1.0,1000.0
9,0.7394605372237939,0.10500591161321014,0.6958526718388269,1.0,1.0,1.0,1.0,1000.0
4,0.2641613343786591,0.36067662286965574,1.367321653156688,1.0,1.0,1.0,1.0,1000.0
10,0.3640692282911887,0.27227368432786536,0.8214329555454591,1.0,1.0,1.0,1.0,1000.0
5,0.1284853215003413,0.13318226633336652,0.9212209615372278,1.0,1.0,1.0,1.0,1000.0
10,0.8441845111218464,0.3355476207506685,0.8651908247451906,1.0,1.0,1.0,1.0,1000.0
4,0.7190674638127595,0.5181186438522141,1.1350191059162094,1.0,1.0,1.0,1.0,1000.0
3,0.7842267113412623,0.9455715509860912,0.616824352532782,1.0,1.0,1.0,1.0,1000.0
10,0.3640692282911887,0.27227368432786536,0.8214329555454591,1.0,1.0,1.0,1.0,1000.0
7,0.1461463526034574,0.5126815656122596,1.0653442004088758,1.0,1.0,1.0,1.0,1000.0
9,0.38950850791786673,0.23761866463508816,1.1519226015391029,1.0,1.0,1.0,1.0,1000.0
6,0.853920066447715,0.8448053283040315,0.616824352532782,1.0,1.0,1.0,1.0,1000.0
5,0.6826920911697325,0.4850532378848077,0.9393267704676735,1.0,1.0,1.0,1.0,1000.0
8,0.9347328517690154,0.2966873177752787,0.5032730267285946,1.0,1.0,1.0,1.0,1000.0
7,0.7074700210895166,0.452963672285163,0.9963904401241285,1.0,1.0,1.0,1.0,1000.0
7,0.2641613343786591,0.4704079995253756,0.513183312500145,1.0,1.0,1.0,1.0,1000.0
6,0.3062880835682372,0.24518854550944763,0.805111596432739,1.0,1.0,1.0,1.0,1000.0
7,0.15979462244745482,0.9221786371052529,1.1350191059162094,1.0,1.0,1.0,1.0,1000.0
10,0.42699235260723134,0.5093068000123675,0.8651908247451906,1.0,1.0,1.0,1.0,1000.0
10,0.8081644445410104,0.6516995598056423,0.8214329555454591,1.0,1.0,1.0,1.0,1000.0
4,0.3250426362713513,0.5846459883161054,0.6589046592362763,1.0,1.0,1.0,1.0,1000.0
4,0.5083928051817583,0.9883336547443045,1.1610076023181115,1.0,1.0,1.0,1.0,1000.0
7,0.5357725877823983,0.16102107568362586,0.6680346963063973,1.0,1.0,1.0,1.0,1000.0
6,0.648762187370722,0.6683504054828353,1.4858959739065667,1.0,1.0,1.0,1.0,1000.0
